// GENERATED by tools/gen_tiles.py - do not edit.
// Sprites: Sokoban (GP2X), Willems Davy (MIT); wall 1001.com (CC-BY-SA 3.0); floor/player Kenney (CC0); box SpriteAttack (CC0).
#include "tiles.h"

const uint16_t TILES_24[12096] = {
  0x946F,0x9CD0,0xA4F0,0xA4F0,0x9CCF,0x8C6E,0x94AF,0x9CAF,0x9CAF,0x9CAF,0x9CAF,0x9CAF,0x9CAF,0x9CAF,0x9CAF,0x946F,
  0x946E,0x94AF,0x9CAF,0x9CAF,0x9CAF,0x9CAF,0x948F,0x8C6E,0x9CF0,0xA4F0,0xA4F0,0xA4F0,0xA4F0,0x9CAF,0x946F,0x9CAF,
  0x9CAF,0x9CAF,0x9CAF,0x9CAF,0x9CAF,0x9CAF,0x948F,0x8C6E,0x948F,0x9CAF,0x9CAF,0x9CAF,0x9CAF,0x9CAF,0x94AF,0x948F,
  0xA4F0,0xA4F0,0xA4F0,0xA4F0,0xA4F0,0xA4F0,0x946E,0x948F,0x9CAF,0x9CAF,0x9CAF,0x9CAF,0x9CAF,0x948F,0x946E,0x948F,
  0x946F,0x94AF,0x9CAF,0x9CAF,0x9CAF,0x9CAF,0x948F,0x9CAF,0xA4F0,0xA4F0,0xA4F0,0xA4F0,0xA4F0,0x9CD0,0x8C6E,0x8C6E,
  0x948F,0x9CAF,0x9CAF,0x9CAF,0x948F,0x948F,0x9CD0,0xA4F0,0x9CAF,0x948F,0x94AF,0x9CAF,0x9CAF,0x948F,0x8C6E,0x946E,
  0x94AF,0xA4F0,0xA4F0,0xA4F0,0x9CD0,0x946F,0x8C6E,0x8C6E,0x8C6E,0x946F,0x948F,0x948F,0x946E,0x9CCF,0xA4F0,0xA4F0,
  0xA4F0,0x94AF,0x946E,0x948F,0x948F,0x946E,0x948F,0x946E,0x948F,0x94AF,0xA4F0,0x9CD0,0x946E,0x948F,0x948F,0x946E,
  0x8C6E,0x8C6E,0x8C6E,0x8C6E,0x8C6E,0x9CAF,0xA4F0,0xA4F0,0xA4F0,0x948F,0x8C6E,0x8C6E,0x946F,0x94AF,0x9CAF,0x94AF,
  0x9CAF,0x948F,0x946E,0x8C6E,0x948F,0x9CAF,0x9CAF,0x948F,0x8C6E,0x8C6E,0x8C6E,0x8C6E,0x8C6E,0x946E,0x9CD0,0xA4F0,
  0x9CAF,0x8C6E,0x8C6E,0x946F,0x94AF,0x9CAF,0x9CAF,0x9CAF,0x9CAF,0x9CAF,0x948F,0x8C6E,0x94AF,0x9CAF,0x9CAF,0x9CAF,
  0x946F,0x8C6E,0x946F,0x94AF,0x94AF,0x948F,0x8C6E,0x948F,0x8C6E,0x8C6E,0x946E,0x94AF,0x9CAF,0x9CAF,0x9CAF,0x9CAF,
  0x9CAF,0x9CAF,0x94AF,0x8C6E,0x948F,0x9CAF,0x9CAF,0x94AF,0x8C6E,0x948F,0x9CAF,0x9CAF,0x9CAF,0x9CAF,0x948F,0x8C6E,
  0x8C6E,0x8C6E,0x94AF,0x9CAF,0x9CAF,0x9CAF,0x9CAF,0x9CAF,0x9CAF,0x9CAF,0x9CAF,0x948F,0x8C6E,0x948F,0x948F,0x8C6E,
  0x948F,0x9CAF,0x9CAF,0x9CAF,0x9CAF,0x9CAF,0x9CAF,0x948F,0x8C6E,0x946E,0x9CAF,0x9CAF,0x9CAF,0x9CAF,0x9CAF,0x9CAF,
  0x9CAF,0x9CAF,0x9CAF,0x946E,0x8C6E,0x8C6E,0x8C6E,0x948F,0x9CAF,0x9CAF,0x9CAF,0x9CAF,0x9CAF,0x9CAF,0x9CAF,0x9CAF,
  0x948F,0x8C6E,0x9CAF,0x9CAF,0x9CAF,0x9CAF,0x9CAF,0x9CAF,0x9CAF,0x9CAF,0x948F,0x8C6E,0x8C6E,0x8C6E,0x8C6E,0x948F,
  0x9CAF,0x9CAF,0x9CAF,0x9CAF,0x9CAF,0x9CAF,0x9CAF,0x9CAF,0x948F,0x8C6E,0x946F,0x9CAF,0x9CAF,0x9CAF,0x9CAF,0x9CAF,
  0x9CAF,0x948F,0x8C6E,0x8C6E,0x8C6E,0x8C6E,0x8C6E,0x948F,0x9CAF,0x9CAF,0x9CAF,0x9CAF,0x9CAF,0x9CAF,0x9CAF,0x9CAF,
  0x948F,0x8C6E,0x8C6E,0x948F,0x9CAF,0x9CAF,0x9CAF,0x9CAF,0x948F,0x8C6E,0x8C6E,0x946E,0x948F,0x948F,0x946E,0x946E,
  0x94AF,0x9CAF,0x9CAF,0x9CAF,0x9CAF,0x9CAF,0x9CAF,0x9CAF,0x946F,0x8C6E,0x8C6E,0x8C6E,0x948F,0x9CAF,0x9CAF,0x9CAF,
  0x8C6E,0x8C6E,0x8C6E,0x94AF,0x9CAF,0x9CAF,0x94AF,0x948F,0x946F,0x9CAF,0x9CAF,0x9CAF,0x9CAF,0x9CAF,0x9CAF,0x946F,
  0x8C6E,0x9CAF,0x9CF0,0x9CCF,0x946E,0x946E,0x946F,0x946E,0x8C6E,0x8C6E,0x94AF,0x9CAF,0x9CAF,0x9CAF,0x9CAF,0x9CAF,
  0x946E,0x946F,0x9CAF,0x9CAF,0x9CAF,0x94AF,0x946E,0x8C6E,0x9CAF,0xA4F0,0xA4F0,0xA4F0,0x9CD0,0x8C6E,0x8C6E,0x8C6E,
  0x8C6E,0x946E,0x94AF,0x9CAF,0x9CAF,0x9CAF,0x9CAF,0x9CAF,0x946E,0x8C6E,0x946F,0x948F,0x948F,0x946E,0x8C6E,0x948F,
  0xA4F0,0xA4F0,0xA4F0,0xA4F0,0xA4F0,0x9CD0,0x8C6E,0x8C6E,0x8C6E,0x8C6E,0x94AF,0x9CAF,0x9CAF,0x9CAF,0x9CAF,0x948F,
  0x8C6E,0x8C6E,0x8C6E,0x8C6E,0x8C6E,0x8C6E,0x8C6E,0x9CAF,0xA4F0,0xA4F0,0xA4F0,0xA4F0,0xA4F0,0x9CF0,0x8C6E,0x8C6E,
  0x8C6E,0x8C6E,0x8C6E,0x948F,0x9CAF,0x9CAF,0x94AF,0x8C6E,0x8C6E,0x8C6E,0x8C6E,0x8C6E,0x8C6E,0x8C6E,0x8C6E,0x948F,
  0xA4F0,0xA4F0,0xA4F0,0xA4F0,0xA4F0,0x9CAF,0x8C6E,0x948F,0x9CCF,0x8C6E,0x8C6E,0x8C6E,0x948F,0x948F,0x946E,0x8C6E,
  0x8C6E,0x946F,0x948F,0x948F,0x8C6E,0x8C6E,0x8C6E,0x8C6E,0x948F,0xA4F0,0xA4F0,0xA4F0,0x9CAF,0x946E,0x9CD0,0xA4F0,
  0xA4F0,0x9CAF,0x8C6E,0x8C6E,0x8C6E,0x8C6E,0x8C6E,0x8C6E,0x948F,0x94AF,0x9CAF,0x9CAF,0x948F,0x8C6E,0x8C6E,0x8C6E,
  0x8C6E,0x948F,0x9CAF,0x948F,0x8C6E,0x9CD0,0xA4F0,0xA4F0,0xA4F0,0x9CAF,0x8C6E,0x8C6E,0x8C6E,0x8C6E,0x8C6E,0x948F,
  0x9CAF,0x9CAF,0x9CAF,0x9CAF,0x9CAF,0x948F,0x8C6E,0x8C6E,0x8C6E,0x8C6E,0x8C6E,0x8C6E,0x8C6E,0x9CAF,0xA4F0,0xA4F0,
  0x9CAF,0x8C6E,0x8C6E,0x8C6E,0x8C6E,0x8C6E,0x946E,0x9CAF,0x9CAF,0x9CAF,0x9CAF,0x9CAF,0x9CAF,0x9CAF,0x948F,0x8C6E,
  0x8C6E,0x8C6E,0x946E,0x948F,0x948F,0x946E,0x9CCF,0xA4F0,0x8C6E,0x8C6E,0x9CAF,0x9CAF,0x8C6E,0x8C6E,0x94AF,0x9CAF,
  0x9CAF,0x9CAF,0x9CAF,0x9CAF,0x9CAF,0x9CAF,0x9CAF,0x948F,0x8C6E,0x946F,0x94AF,0x9CAF,0x9CAF,0x948F,0x946E,0x946F,
  0x2965,0x3186,0x3186,0x31A6,0x31A6,0x39C7,0x39C7,0x31A6,0x31A6,0x31A6,0x31A6,0x31A6,0x39C7,0x31A6,0x31A6,0x31A6,
  0x31A6,0x31A6,0x31A6,0x39C7,0x31A6,0x3186,0x3186,0x2965,0x3186,0x39E7,0x4228,0x4A49,0x4A49,0x528A,0x52AA,0x4A49,
  0x4A49,0x4A49,0x4A49,0x4A49,0x52AA,0x528A,0x4A49,0x4A49,0x4A49,0x4A49,0x4A49,0x5ACB,0x528A,0x4228,0x39E7,0x2965,
  0x31A6,0x4228,0x4A49,0x4A49,0x4A49,0x4A49,0x52AA,0x4A49,0x4A49,0x4A49,0x4A49,0x4A49,0x4A69,0x528A,0x4A49,0x4A49,
  0x4A49,0x4A49,0x4A49,0x52AA,0x4A69,0x4A49,0x4208,0x2965,0x39C7,0x4A69,0x4A69,0x4A69,0x4A69,0x52AA,0x5ACB,0x4A69,
  0x4A69,0x4A69,0x4A69,0x4A69,0x5ACB,0x5ACB,0x4A69,0x4A69,0x4A69,0x4A69,0x4A69,0x5ACB,0x52AA,0x4A69,0x4228,0x3186,
  0x39E7,0x52AA,0x5ACB,0x5ACB,0x528A,0x528A,0x528A,0x52AA,0x52AA,0x5AEB,0x5ACB,0x528A,0x528A,0x528A,0x52AA,0x52AA,
  0x5AEB,0x52AA,0x528A,0x4A69,0x4A69,0x528A,0x4A69,0x3186,0x31A6,0x4A49,0x52AA,0x4A69,0x4A49,0x4A49,0x4A49,0x4A49,
  0x4A49,0x52AA,0x4A69,0x4A49,0x4A49,0x4A49,0x4A49,0x4A49,0x52AA,0x4A49,0x4A49,0x4A49,0x4A49,0x4A49,0x4228,0x3186,
  0x31A6,0x4A49,0x528A,0x4A69,0x4A49,0x4A49,0x4A49,0x4A49,0x4A49,0x52AA,0x4A69,0x4A49,0x4A49,0x4A49,0x4A49,0x4A69,
  0x52AA,0x4A69,0x4A49,0x4A49,0x4A49,0x4A49,0x4228,0x3186,0x39C7,0x528A,0x5ACB,0x5ACB,0x528A,0x528A,0x528A,0x52AA,
  0x528A,0x5ACB,0x52AA,0x528A,0x528A,0x528A,0x528A,0x528A,0x5ACB,0x52AA,0x528A,0x528A,0x528A,0x528A,0x4A69,0x3186,
  0x39C7,0x4A69,0x4A69,0x4A69,0x4A69,0x52AA,0x5ACB,0x4A69,0x4A69,0x4A69,0x4A69,0x4A69,0x5ACB,0x52AA,0x4A69,0x4A69,
  0x4A69,0x4A69,0x528A,0x5ACB,0x52AA,0x4A69,0x4228,0x3186,0x31A6,0x4A49,0x4A49,0x4A49,0x4A49,0x4A49,0x52AA,0x4A49,
  0x4A49,0x4A49,0x4A49,0x4A49,0x4A69,0x528A,0x4A49,0x4A49,0x4A49,0x4A49,0x4A49,0x52AA,0x4A69,0x4A49,0x4208,0x3186,
  0x31A6,0x4A49,0x4A49,0x4A49,0x4A49,0x528A,0x52AA,0x4A49,0x4A49,0x4A49,0x4A49,0x4A49,0x52AA,0x528A,0x4A49,0x4A49,
  0x4A49,0x4A49,0x4A49,0x5ACB,0x528A,0x4A49,0x4208,0x3186,0x39E7,0x5ACB,0x5ACB,0x5ACB,0x5ACB,0x5ACB,0x5ACB,0x5ACB,
  0x5ACB,0x5ACB,0x5ACB,0x5ACB,0x5ACB,0x5ACB,0x5ACB,0x5ACB,0x5ACB,0x5ACB,0x5ACB,0x5AEB,0x5ACB,0x5ACB,0x528A,0x3186,
  0x31A6,0x4A69,0x5ACB,0x52AA,0x4A49,0x4A49,0x4A49,0x4A49,0x4A49,0x5ACB,0x528A,0x4A49,0x4A49,0x4A49,0x4A49,0x4A69,
  0x5ACB,0x4A69,0x4A49,0x4A49,0x4A49,0x4A49,0x4A49,0x3186,0x31A6,0x4A49,0x528A,0x4A49,0x4A49,0x4A49,0x4A49,0x4A49,
  0x4A49,0x52AA,0x4A69,0x4A49,0x4A49,0x4A49,0x4A49,0x4A69,0x52AA,0x4A49,0x4A49,0x4A49,0x4A49,0x4A49,0x4228,0x3186,
  0x31A6,0x4A49,0x52AA,0x52AA,0x4A49,0x4A49,0x4A49,0x4A49,0x4A49,0x5ACB,0x528A,0x4A49,0x4A49,0x4A49,0x4A49,0x4A69,
  0x5ACB,0x4A69,0x4A49,0x4A49,0x4A49,0x4A49,0x4A49,0x3186,0x39C7,0x528A,0x5ACB,0x5ACB,0x52AA,0x52AA,0x52AA,0x52AA,
  0x5ACB,0x5ACB,0x5ACB,0x52AA,0x5ACB,0x52AA,0x52AA,0x5ACB,0x5ACB,0x5ACB,0x52AA,0x5ACB,0x52AA,0x52AA,0x528A,0x3186,
  0x39C7,0x4A49,0x4A49,0x4A49,0x4A49,0x528A,0x5ACB,0x4A49,0x4A49,0x4A49,0x4A49,0x4A49,0x52AA,0x52AA,0x4A49,0x4A49,
  0x4A49,0x4A49,0x4A49,0x5ACB,0x528A,0x4A49,0x4208,0x3186,0x31A6,0x4A49,0x4A49,0x4A49,0x4A49,0x4A49,0x52AA,0x4A49,
  0x4A49,0x4A49,0x4A49,0x4A49,0x4A69,0x528A,0x4A49,0x4A49,0x4A49,0x4A49,0x4A49,0x52AA,0x4A69,0x4A49,0x4208,0x3186,
  0x39C7,0x4A49,0x4A49,0x4A49,0x4A49,0x528A,0x5ACB,0x4A69,0x4A69,0x4A69,0x4A69,0x4A69,0x5ACB,0x52AA,0x4A69,0x4A69,
  0x4A69,0x4A69,0x4A69,0x5ACB,0x528A,0x4A69,0x4228,0x3186,0x39C7,0x528A,0x52AA,0x52AA,0x528A,0x528A,0x528A,0x528A,
  0x52AA,0x5ACB,0x52AA,0x52AA,0x528A,0x528A,0x528A,0x52AA,0x5ACB,0x52AA,0x528A,0x528A,0x528A,0x528A,0x4A69,0x3186,
  0x31A6,0x4A49,0x52AA,0x528A,0x4A49,0x4A49,0x4A49,0x4A49,0x4A49,0x5ACB,0x528A,0x4A49,0x4A49,0x4A49,0x4A49,0x4A69,
  0x5ACB,0x4A69,0x4A49,0x4A49,0x4A49,0x4A49,0x4228,0x3186,0x31A6,0x4208,0x528A,0x4A49,0x4A49,0x4A49,0x4A49,0x4A49,
  0x4A49,0x528A,0x4A69,0x4A49,0x4A49,0x4A49,0x4A49,0x4A49,0x52AA,0x4A49,0x4A49,0x4A49,0x4A49,0x4A49,0x4208,0x3186,
  0x3186,0x39C7,0x4228,0x4228,0x39E7,0x4208,0x4208,0x4208,0x4208,0x4A49,0x4228,0x4208,0x4208,0x4208,0x4208,0x4208,
  0x4A69,0x4208,0x4208,0x4208,0x4208,0x39E7,0x39C7,0x2965,0x2965,0x2965,0x2965,0x3186,0x2965,0x2965,0x2965,0x2965,
  0x2965,0x3186,0x3186,0x2965,0x2965,0x2965,0x2965,0x3186,0x3186,0x3186,0x2965,0x2965,0x2965,0x2965,0x2965,0x2965,
  0x948F,0x9CF0,0xA4F0,0xA4F0,0x9CD0,0x8C6E,0x94AF,0x9CAF,0x9CAF,0x9CAF,0x9CAF,0x9CAF,0x9CAF,0x9CAF,0x9CAF,0x948F,
  0x946E,0x9CAF,0x9CAF,0x9CAF,0x9CAF,0x9CAF,0x948F,0x8C6E,0xA4F0,0xA4F0,0xA4F0,0xA510,0xA510,0x9CF0,0x9CD0,0x9CF0,
  0x9CF0,0x9CD0,0x9CAF,0x9CAF,0x9CAF,0x9CAF,0x9CD0,0x9CD0,0x9CD0,0x9CF0,0x9CF0,0x9CF0,0x9CD0,0x9CAF,0x9CAF,0x948F,
  0xA4F0,0xA4F0,0xA4F0,0x5AA9,0x5288,0x5288,0x5288,0x5288,0x5288,0x52A8,0x9CAF,0x9CAF,0x9CAF,0x94AF,0x52A8,0x5288,
  0x5288,0x5288,0x5288,0x5288,0x5AA9,0xA4F0,0x94AF,0x9CAF,0xA4F0,0xA510,0x52A8,0x4A47,0x5288,0x5288,0x4A68,0x4A68,
  0x4A68,0x5288,0x9CAF,0x9CAF,0x94AF,0x948F,0x52A8,0x5288,0x5288,0x4A68,0x5268,0x5268,0x4A47,0x52A8,0x9CAF,0x948F,
  0x9CAF,0xA510,0x5288,0x5288,0x9CF0,0x948F,0x8C6E,0x8C6E,0x8C6E,0x948F,0x94AF,0x948F,0x8C6E,0x9CD0,0xA4F0,0xA4F0,
  0xA4F0,0x9CAF,0x946F,0x94AF,0x5268,0x5288,0x9CD0,0x946E,0x948F,0x9CF0,0x5288,0x5268,0x946F,0x948F,0x948F,0x946E,
  0x8C6E,0x8C6E,0x8C6E,0x8C6E,0x8C6E,0x9CD0,0xA4F0,0xA4F0,0xA4F0,0x9CAF,0x8C6E,0x8C6E,0x4A68,0x5288,0x9CF0,0x9CAF,
  0x9CAF,0x9CF0,0x5288,0x4A68,0x948F,0x9CAF,0x9CAF,0x94AF,0x8C6E,0x8C6E,0x8C6E,0x8C6E,0x8C6E,0x946E,0x9CD0,0xA4F0,
  0x9CD0,0x8C6E,0x8C6E,0x946F,0x5268,0x5288,0x9CF0,0x9CAF,0x9CAF,0x9CF0,0x5288,0x5268,0x9CAF,0x9CAF,0x9CAF,0x9CAF,
  0x948F,0x8C6E,0x946F,0x94AF,0x94AF,0x948F,0x946E,0x948F,0x8C6E,0x8C6E,0x946F,0x9CAF,0x5268,0x5288,0x9CF0,0x9CAF,
  0x9CAF,0x9CF0,0x5288,0x4A68,0x948F,0x9CAF,0x9CAF,0x94AF,0x946E,0x948F,0x9CAF,0x9CAF,0x9CAF,0x9CAF,0x948F,0x8C6E,
  0x8C6E,0x8C6E,0x94AF,0x9CAF,0x5268,0x5288,0x9CF0,0x9CAF,0x9CAF,0x9CD0,0x52A8,0x5288,0x8C6E,0x948F,0x948F,0x946E,
  0x948F,0x9CAF,0x9CAF,0x9CAF,0x9CAF,0x9CAF,0x9CAF,0x948F,0x8C6E,0x948F,0x9CAF,0x9CAF,0x5288,0x52A8,0x9CD0,0x9CAF,
  0x9CAF,0x9CAF,0x9CAF,0x948F,0x8C6E,0x8C6E,0x8C6E,0x948F,0x9CAF,0x9CAF,0x9CAF,0x9CAF,0x9CAF,0x9CAF,0x9CAF,0x9CAF,
  0x948F,0x946E,0x9CAF,0x9CAF,0x9CAF,0x9CAF,0x9CAF,0x9CAF,0x9CAF,0x9CAF,0x948F,0x8C6E,0x8C6E,0x8C6E,0x8C6E,0x94AF,
  0x9CAF,0x9CAF,0x9CAF,0x9CAF,0x9CAF,0x9CAF,0x9CAF,0x9CAF,0x94AF,0x8C6E,0x948F,0x9CAF,0x9CAF,0x9CAF,0x9CAF,0x9CAF,
  0x9CAF,0x948F,0x8C6E,0x8C6E,0x8C6E,0x8C6E,0x8C6E,0x948F,0x9CAF,0x9CAF,0x9CAF,0x9CAF,0x9CAF,0x9CAF,0x9CAF,0x9CAF,
  0x94AF,0x8C6E,0x8C6E,0x948F,0x9CAF,0x9CAF,0x9CAF,0x9CAF,0x948F,0x8C6E,0x8C6E,0x946F,0x94AF,0x948F,0x946E,0x946E,
  0x9CAF,0x9CAF,0x9CAF,0x9CAF,0x9CAF,0x9CAF,0x9CAF,0x9CAF,0x948F,0x8C6E,0x8C6E,0x8C6E,0x948F,0x9CAF,0x9CAF,0x9CAF,
  0x8C6E,0x9CAF,0x5288,0x5288,0x9CAF,0x9CAF,0x9CAF,0x948F,0x948F,0x9CAF,0x9CAF,0x9CAF,0x9CAF,0x9CAF,0x9CAF,0x948F,
  0x8C6E,0x9CAF,0xA4F0,0x9CD0,0x5288,0x52A8,0x9CD0,0x946F,0x8C6E,0x9CD0,0x5288,0x5268,0x9CAF,0x9CAF,0x9CAF,0x9CAF,
  0x946E,0x948F,0x9CAF,0x9CAF,0x9CAF,0x9CAF,0x948F,0x8C6E,0x9CAF,0xA4F0,0xA4F0,0xA4F0,0x5288,0x5288,0x9CD0,0x8C6E,
  0x8C6E,0x9CD0,0x5288,0x5268,0x9CAF,0x9CAF,0x9CAF,0x9CAF,0x948F,0x8C6E,0x946F,0x94AF,0x948F,0x946E,0x8C6E,0x94AF,
  0xA4F0,0xA4F0,0xA4F0,0xA4F0,0x5288,0x5288,0x9CD0,0x8C6E,0x8C6E,0x9CD0,0x5288,0x5268,0x9CAF,0x9CAF,0x9CAF,0x94AF,
  0x8C6E,0x8C6E,0x8C6E,0x8C6E,0x8C6E,0x8C6E,0x8C6E,0x9CD0,0xA4F0,0xA4F0,0xA4F0,0xA4F0,0x5288,0x5288,0x9CD0,0x8C6E,
  0x8C6E,0x9CD0,0x5288,0x5268,0x9CAF,0x9CAF,0x94AF,0x946E,0x8C6E,0x8C6E,0x8C6E,0x8C6E,0x8C6E,0x8C6E,0x8C6E,0x948F,
  0xA4F0,0xA4F0,0xA4F0,0xA4F0,0x5288,0x5288,0x9CD0,0x948F,0x9CD0,0x9CD0,0x5288,0x4A68,0x948F,0x948F,0x946E,0x8C6E,
  0x8C6E,0x946F,0x948F,0x948F,0x8C6E,0x8C6E,0x8C6E,0x8C6E,0x948F,0xA4F0,0xA4F0,0xA4F0,0x5288,0x5288,0xA510,0xA4F0,
  0xA4F0,0xA510,0x52A9,0x4A47,0x4A68,0x4A68,0x4A68,0x4A68,0x4A68,0x5288,0x9CAF,0x9CAF,0x94AF,0x946E,0x5288,0x4A68,
  0x4A68,0x5288,0x5288,0x5288,0x4A47,0x52A9,0xA510,0xA4F0,0xA4F0,0x9CD0,0x9CF0,0x52A8,0x5288,0x5288,0x5288,0x5288,
  0x5288,0x52A8,0x9CAF,0x9CAF,0x9CAF,0x94AF,0x52A8,0x5288,0x5288,0x5288,0x5288,0x5288,0x52A8,0xA4F0,0xA4F0,0xA4F0,
  0x9CD0,0x8C6E,0x946E,0x9CAF,0x9CD0,0x9CD0,0x9CD0,0x9CF0,0x9CF0,0x9CD0,0x9CAF,0x9CAF,0x9CAF,0x9CAF,0x9CD0,0x9CD0,
  0x9CD0,0x9CD0,0x9CD0,0x9CF0,0x9CD0,0x948F,0x9CD0,0xA4F0,0x8C6E,0x946E,0x9CAF,0x9CAF,0x8C6E,0x8C6E,0x94AF,0x9CAF,
  0x9CAF,0x9CAF,0x9CAF,0x9CAF,0x9CAF,0x9CAF,0x9CAF,0x948F,0x8C6E,0x946F,0x9CAF,0x9CAF,0x9CAF,0x948F,0x946E,0x948F,
  0x320B,0x4AEE,0x52EE,0x52EE,0x52EE,0x52EE,0x52EE,0x52EE,0x52EE,0x52EE,0x52EE,0x52EE,0x52EE,0x52EE,0x52EE,0x52EE,
  0x52EE,0x52EE,0x52EE,0x52EE,0x52EE,0x52EE,0x52EE,0x3A0B,0x42AD,0x7C74,0x8CF6,0x8D17,0x8D17,0x8D17,0x8D17,0x8D17,
  0x8D17,0x8D17,0x8D17,0x8D17,0x8D17,0x8D17,0x8D17,0x8D17,0x8D17,0x8D17,0x8D17,0x8D17,0x8D17,0x8D16,0x7C94,0x4AAD,
  0x428D,0x63B1,0x7433,0x7C75,0x7C75,0x7C75,0x7C75,0x7C75,0x7C75,0x7C75,0x7C75,0x7C75,0x7C75,0x7C75,0x7C75,0x7C75,
  0x7C75,0x7C75,0x7C75,0x7C75,0x7C75,0x7433,0x63B1,0x428D,0x31EA,0x3A4C,0x3A4C,0x320A,0x3A2B,0x3A4C,0x3A4B,0x3A2B,
  0x3A4B,0x3A2B,0x3A0B,0x3A4B,0x3A4B,0x3A2B,0x3A2B,0x3A4B,0x3A2B,0x3A2B,0x3A4C,0x3A2B,0x320A,0x3A4C,0x3A4C,0x31EA,
  0x3A4C,0x63B1,0x6391,0x3A0B,0x426C,0x4AEE,0x4AEE,0x428D,0x532F,0x4AEE,0x428D,0x532F,0x532F,0x428D,0x4AEE,0x532F,
  0x42AD,0x4ACE,0x4AEE,0x426C,0x31EA,0x5B50,0x5B70,0x3A2B,0x428C,0x7474,0x7454,0x3A4C,0x530F,0x3A4C,0x3A2B,0x4AAD,
  0x532F,0x4AEE,0x428D,0x532F,0x532F,0x428D,0x4AEE,0x532F,0x4AAD,0x3A2B,0x3A4C,0x532F,0x3A2B,0x7454,0x7454,0x428C,
  0x428D,0x7C75,0x7474,0x3A4C,0x5B50,0x7454,0x5B50,0x5B50,0x6C13,0x6C13,0x5B90,0x7C75,0x7C75,0x5B90,0x6C13,0x7433,
  0x5B70,0x532F,0x7474,0x6BF2,0x3A2B,0x7474,0x7C75,0x428C,0x428D,0x7C75,0x7474,0x3A4C,0x5B50,0x7454,0x7C75,0x6C13,
  0x428D,0x532F,0x5B91,0x7C75,0x7C75,0x5B91,0x532F,0x428D,0x6C13,0x7C75,0x7474,0x6BF2,0x3A2B,0x7474,0x7C75,0x428C,
  0x428D,0x7C75,0x7474,0x3A2B,0x3A4C,0x6C33,0x7474,0x7474,0x7434,0x63D2,0x428D,0x7434,0x7434,0x4AAD,0x63B1,0x7433,
  0x7474,0x7474,0x7433,0x42AD,0x31EA,0x7474,0x7C75,0x428C,0x428D,0x7C75,0x7474,0x3A2B,0x3A4C,0x3A4B,0x7433,0x7454,
  0x7474,0x7474,0x63B1,0x320A,0x426C,0x63B1,0x7474,0x7474,0x7454,0x7433,0x3A4B,0x426C,0x320B,0x7474,0x7C75,0x428C,
  0x428D,0x7C75,0x7474,0x3A4C,0x4ACD,0x530F,0x426C,0x4AEE,0x7454,0x7454,0x530F,0x5B70,0x7454,0x7C75,0x7474,0x7454,
  0x530E,0x426C,0x530F,0x530F,0x3A2B,0x7474,0x7C75,0x428C,0x428D,0x7C75,0x7474,0x3A6C,0x5350,0x5B70,0x4AEE,0x3A6C,
  0x4AAD,0x4ACE,0x63B1,0x7474,0x7474,0x7474,0x6BF2,0x4AAD,0x3A4C,0x4ACE,0x5B91,0x63B2,0x3A2B,0x7474,0x7C75,0x428C,
  0x428D,0x7C75,0x7474,0x3A6C,0x5B50,0x7454,0x6BF2,0x31EA,0x4AAD,0x84D6,0x7C95,0x7C75,0x7454,0x5B50,0x3A2B,0x426C,
  0x320B,0x63B1,0x7454,0x63D2,0x3A2B,0x7474,0x7C75,0x428C,0x428D,0x7C75,0x7474,0x3A6C,0x5B50,0x6391,0x5B70,0x6C12,
  0x84F6,0x84D6,0x7C95,0x63B1,0x532F,0x42AD,0x63B2,0x7454,0x63B1,0x530F,0x6391,0x63D2,0x3A2B,0x7474,0x7C75,0x428C,
  0x42AD,0x7CB5,0x7C95,0x426C,0x4ACD,0x426C,0x8D37,0x9537,0x8D17,0x84D6,0x63B1,0x3A4C,0x3A4C,0x5B50,0x7454,0x7474,
  0x7C75,0x6C33,0x428D,0x4ACE,0x3A2B,0x7C95,0x7CB5,0x42AD,0x4AAD,0x84F6,0x84D6,0x3A4B,0x4ACE,0x9557,0x9578,0x8D37,
  0x7454,0x428D,0x42AD,0x532F,0x532F,0x42AD,0x426C,0x6C33,0x7C75,0x7474,0x7474,0x5B70,0x320A,0x84D6,0x84D6,0x4AAD,
  0x4ACD,0x8D17,0x8D16,0x428C,0x5B50,0x9558,0x8D37,0x6C13,0x42AD,0x426C,0x4AAD,0x63D2,0x63D2,0x4ACD,0x428C,0x4AAD,
  0x63B1,0x7454,0x7474,0x6BF2,0x3A4B,0x8D16,0x8D17,0x4ACD,0x4AEE,0x9558,0x8D37,0x428D,0x5B50,0x7C95,0x4AAD,0x428D,
  0x530F,0x4AEE,0x5B70,0x7474,0x7C75,0x5B70,0x4AEE,0x532F,0x428D,0x428C,0x7C75,0x6BD2,0x3A4B,0x8D37,0x9558,0x4AED,
  0x530E,0x9D98,0x9578,0x42AD,0x4AEE,0x426C,0x42AD,0x4ACE,0x5B91,0x6C13,0x5B70,0x7C75,0x7C75,0x5B70,0x6C13,0x6391,
  0x4ACE,0x428C,0x426C,0x532F,0x3A2B,0x9578,0x9D98,0x52EE,0x530E,0x9DB9,0x9D98,0x428C,0x3A2B,0x530F,0x4AEE,0x5B90,
  0x7C95,0x6C33,0x5B91,0x7C95,0x7C95,0x5B91,0x6C33,0x7C95,0x6391,0x4ACD,0x4AEE,0x3A4B,0x320A,0x9D98,0x9D99,0x52EE,
  0x3A2B,0x530E,0x530E,0x3A2B,0x3A2B,0x3A4B,0x3A4B,0x426C,0x4AAD,0x42AD,0x426C,0x4ACD,0x4ACD,0x426C,0x42AD,0x4AAD,
  0x426C,0x3A2B,0x3A4B,0x3A2B,0x320A,0x530E,0x530E,0x3A2B,0x428D,0x7454,0x7454,0x9D78,0x9D98,0x9D98,0x9D98,0x9D98,
  0x9D98,0x9D98,0x9D98,0x9D98,0x9D98,0x9D98,0x9D98,0x9D98,0x9D98,0x9D98,0x9D98,0x9D98,0x9D98,0x7474,0x7454,0x428C,
  0x426C,0x5B50,0x5B91,0x63D2,0x63D2,0x63D2,0x63D2,0x63D2,0x63D2,0x63D2,0x63D2,0x63D2,0x63D2,0x63D2,0x63D2,0x63D2,
  0x63D2,0x63D2,0x63D2,0x63D2,0x63D2,0x63B1,0x532F,0x426C,0x31EA,0x3A2B,0x3A2B,0x3A2B,0x3A2B,0x3A2B,0x3A2B,0x3A2B,
  0x3A2B,0x3A2B,0x3A2B,0x3A2B,0x3A2B,0x3A2B,0x3A2B,0x3A2B,0x3A2B,0x3A2B,0x3A2B,0x3A2B,0x3A2B,0x3A2B,0x3A2B,0x31EA,
  0x01CD,0x1AB0,0x22D0,0x22D0,0x22D0,0x22D0,0x22D0,0x22D0,0x22D0,0x22D0,0x22D0,0x22D0,0x22D0,0x22D0,0x22D0,0x22D0,
  0x22D0,0x22D0,0x22D0,0x22D0,0x22D0,0x22D0,0x22D0,0x01CD,0x0A70,0x3C57,0x4CD9,0x4CF9,0x4CF9,0x4CF9,0x4CF9,0x4CF9,
  0x4CF9,0x4CF9,0x4CF9,0x4CF9,0x4CF9,0x4CF9,0x4CF9,0x4CF9,0x4CF9,0x4CF9,0x4CF9,0x4CF9,0x4CF9,0x4CD9,0x3C77,0x1290,
  0x0A4F,0x1B74,0x23F7,0x2C38,0x2C38,0x2C38,0x2C38,0x2C38,0x2C38,0x2C38,0x2C38,0x2C38,0x2C38,0x2C38,0x2C38,0x2C38,
  0x2C38,0x2C38,0x2C38,0x2C38,0x2C38,0x2BF7,0x1B74,0x0A4F,0x01AD,0x020E,0x020E,0x01CD,0x01EE,0x020E,0x01EE,0x01ED,
  0x020E,0x01EE,0x01CD,0x01EE,0x01EE,0x01CD,0x01EE,0x020E,0x01ED,0x01EE,0x020E,0x01EE,0x01CD,0x020E,0x020E,0x01AD,
  0x020E,0x1B74,0x1B54,0x01CD,0x0A2F,0x12B1,0x0A91,0x0A50,0x12D2,0x12B1,0x0A4F,0x12F2,0x12F2,0x0A4F,0x12B1,0x12D2,
  0x0A70,0x0A91,0x12B1,0x0A2F,0x01AD,0x1313,0x1B13,0x01EE,0x0A4F,0x2C38,0x2C17,0x020E,0x12D2,0x020E,0x01CD,0x0A70,
  0x12F2,0x12B1,0x0A50,0x12F2,0x12F2,0x0A50,0x12B1,0x12F2,0x0A70,0x01ED,0x0A0E,0x12D2,0x01EE,0x2417,0x2417,0x0A4F,
  0x0A4F,0x2C38,0x2C38,0x020E,0x1313,0x23F7,0x1B13,0x1B13,0x23D6,0x23D6,0x1B53,0x2C38,0x2C38,0x1B53,0x23D6,0x23F7,
  0x1B33,0x12F2,0x2C38,0x23B5,0x01EE,0x2C38,0x2C38,0x0A4F,0x0A4F,0x2C38,0x2C38,0x020E,0x1313,0x2417,0x2C38,0x23D6,
  0x0A4F,0x12F2,0x1B53,0x2C38,0x2C38,0x1B54,0x12F2,0x0A4F,0x23D6,0x2C38,0x2C38,0x23B5,0x01EE,0x2C38,0x2C38,0x0A4F,
  0x0A4F,0x2C38,0x2C38,0x01ED,0x020E,0x23F6,0x2C38,0x2C38,0x23F7,0x2395,0x0A4F,0x23F7,0x23F7,0x0A70,0x1B74,0x23F7,
  0x2C38,0x2C38,0x23F7,0x0A70,0x01AD,0x2C38,0x2C38,0x0A4F,0x0A4F,0x2C38,0x2C38,0x01EE,0x020E,0x01EE,0x23F7,0x2417,
  0x2C38,0x2C38,0x1B74,0x01AD,0x0A2F,0x1B74,0x2C38,0x2C38,0x2C17,0x23F7,0x020E,0x0A2F,0x01CD,0x2C38,0x2C38,0x0A4F,
  0x0A4F,0x2C38,0x2C38,0x020E,0x0A70,0x12D2,0x0A2F,0x12B1,0x2C17,0x2C17,0x12D2,0x1B33,0x23F7,0x2C38,0x2C38,0x2C17,
  0x12D1,0x0A2F,0x12D2,0x12B1,0x01ED,0x2C38,0x2C38,0x0A4F,0x0A4F,0x2C38,0x2C38,0x0A0E,0x12F3,0x1B33,0x12B1,0x020E,
  0x0A70,0x1290,0x2374,0x2C38,0x2C38,0x2C38,0x23B5,0x0A70,0x020E,0x0A91,0x1B34,0x1B75,0x01EE,0x2C38,0x2C38,0x0A4F,
  0x0A4F,0x2C38,0x2C38,0x0A0E,0x1313,0x2417,0x23B5,0x01AD,0x1A90,0x3C99,0x2C58,0x2C38,0x2C18,0x1B13,0x01ED,0x0A2F,
  0x01CD,0x1B74,0x2C17,0x2395,0x01EE,0x2C38,0x2C38,0x0A4F,0x0A4F,0x2C38,0x2C38,0x0A0E,0x1313,0x1B54,0x1B33,0x33D5,
  0x44B9,0x3C99,0x3458,0x2375,0x12F2,0x0A70,0x1B75,0x23F7,0x1B74,0x12D2,0x2354,0x2395,0x01EE,0x2C38,0x2C38,0x0A4F,
  0x126F,0x3479,0x2C58,0x0A2F,0x0A90,0x0A2F,0x54F9,0x4D1A,0x44DA,0x3499,0x1B74,0x0A0E,0x020E,0x1B13,0x2C18,0x2C38,
  0x2C38,0x23F6,0x0A4F,0x1291,0x01EE,0x2C58,0x3479,0x126F,0x1290,0x3CB9,0x3C99,0x0A0E,0x0A91,0x551A,0x555B,0x4D1A,
  0x3437,0x0A4F,0x0A70,0x12D2,0x12F2,0x0A70,0x0A2F,0x23F6,0x2C38,0x2C38,0x2C38,0x1B33,0x01AD,0x3C99,0x3C99,0x126F,
  0x1A90,0x44FA,0x44DA,0x0A4F,0x1313,0x553A,0x4CFA,0x2BD5,0x0A70,0x0A2F,0x0A70,0x1B95,0x1B95,0x0A90,0x0A4F,0x0A70,
  0x1B74,0x2C17,0x2C38,0x23B5,0x09EE,0x44DA,0x44DA,0x1A90,0x22B0,0x4D3B,0x4D1A,0x124F,0x1B13,0x3458,0x1270,0x0A50,
  0x12D2,0x12B1,0x1B33,0x2C38,0x2C38,0x1B33,0x12B1,0x12D2,0x0A4F,0x0A4F,0x2C38,0x2395,0x0A0E,0x4D1A,0x4D1B,0x22B0,
  0x22D0,0x5D7B,0x555B,0x126F,0x12B1,0x0A2F,0x0A50,0x0A90,0x1B54,0x23D6,0x1B33,0x2C38,0x2C38,0x1B33,0x23D6,0x1B54,
  0x1291,0x0A2F,0x0A2F,0x12F2,0x09EE,0x555B,0x555B,0x22D0,0x22D0,0x5D7C,0x555B,0x124F,0x01EE,0x12D2,0x12B1,0x1B53,
  0x2C58,0x23F6,0x1B53,0x2C58,0x2C58,0x1B54,0x23F6,0x2C58,0x1B54,0x1270,0x12B1,0x0A0E,0x01AD,0x555B,0x5D7C,0x22D0,
  0x09ED,0x22D1,0x22D1,0x09ED,0x09ED,0x0A0E,0x0A0E,0x122E,0x1290,0x126F,0x122E,0x1290,0x1290,0x122E,0x126F,0x1290,
  0x122E,0x09EE,0x0A0E,0x09ED,0x09CD,0x22D1,0x22D1,0x09ED,0x0A4F,0x2C17,0x2C17,0x5D5A,0x657A,0x657A,0x657A,0x657A,
  0x657A,0x657A,0x657A,0x657A,0x657A,0x657A,0x657A,0x657A,0x657A,0x657A,0x657A,0x657A,0x657A,0x2C38,0x2417,0x0A4F,
  0x0A2F,0x1B13,0x1B54,0x1B95,0x1B95,0x1B95,0x1B95,0x1B95,0x1B95,0x1B95,0x1B95,0x1B95,0x1B95,0x1B95,0x1B95,0x1B95,
  0x1B95,0x1B95,0x1B95,0x1B95,0x1B95,0x1B74,0x12F2,0x0A2E,0x01AD,0x01ED,0x01CD,0x01CD,0x01CD,0x01CD,0x01CD,0x01CD,
  0x01CD,0x01CD,0x01CD,0x01CD,0x01CD,0x01CD,0x01CD,0x01CD,0x01CD,0x01CD,0x01CD,0x01CD,0x01CD,0x01CD,0x01CD,0x01AD,
  0xF81F,0xF81F,0xF81F,0xF81F,0xF81F,0xF81F,0xF81F,0xF81F,0xF81F,0xF81F,0xF81F,0xF81F,0xF81F,0xF81F,0xF81F,0xF81F,
  0xF81F,0xF81F,0xF81F,0xF81F,0xF81F,0xF81F,0xF81F,0xF81F,0xF81F,0xF81F,0xF81F,0xF81F,0xF81F,0xF81F,0xF81F,0xF81F,
  0xF81F,0xF81F,0xF81F,0xF81F,0xF81F,0xF81F,0xF81F,0xF81F,0xF81F,0xF81F,0xF81F,0xF81F,0xF81F,0xF81F,0xF81F,0xF81F,
  0xF81F,0xF81F,0xF81F,0xF81F,0xF81F,0xF81F,0xF81F,0x5545,0x6585,0x6584,0x6585,0x6585,0x6585,0x6585,0x6584,0x6565,
  0xF81F,0xF81F,0xF81F,0xF81F,0xF81F,0xF81F,0xF81F,0xF81F,0xF81F,0xF81F,0xF81F,0xF81F,0xF81F,0xF81F,0xF81F,0x6585,
  0x6585,0x6585,0x6585,0x6585,0x6585,0x6585,0x6585,0x6585,0x6585,0x6585,0xF81F,0xF81F,0xF81F,0xF81F,0xF81F,0xF81F,
  0xF81F,0xF81F,0xF81F,0xF81F,0xF81F,0xF81F,0xF81F,0xBEF4,0x6DA6,0x6585,0x6585,0x6585,0x6585,0x6585,0x6585,0x6585,
  0x6585,0x6585,0x6585,0x5545,0xF81F,0xF81F,0xF81F,0xF81F,0xF81F,0xF81F,0xF81F,0xF81F,0xF81F,0xF81F,0xF81F,0xFFFF,
  0xFFFF,0x7DE8,0x6585,0x6585,0x6585,0x6585,0x6585,0x6585,0x6585,0x6585,0x6585,0x6584,0xF81F,0xF81F,0xF81F,0xF81F,
  0xF81F,0xF81F,0xF81F,0xF81F,0xF81F,0xF81F,0xF81F,0xFFFF,0xFFFF,0xDF9D,0x6585,0x6585,0x6585,0x6585,0x6585,0x6585,
  0x6585,0x6585,0x6585,0x6585,0xF81F,0xF81F,0xF81F,0xF81F,0xF81F,0xF81F,0xF81F,0xF81F,0x7665,0x7665,0x7665,0x7665,
  0x7665,0x7665,0x7665,0x7665,0x7665,0x7665,0x6DE6,0x6567,0x5CE6,0x5D26,0x6585,0x6585,0xF81F,0xF81F,0xF81F,0xF81F,
  0xF81F,0xF81F,0xF81F,0xF81F,0x7665,0x7665,0x7665,0x7665,0x7665,0x7665,0x7665,0x7665,0x7665,0x7665,0x7665,0x7665,
  0x7665,0x7665,0x6DE6,0x6546,0xF81F,0xF81F,0xF81F,0xF81F,0xF81F,0xF81F,0xF81F,0xF81F,0xF81F,0xF81F,0xF81F,0xB71F,
  0xAEFD,0xAEFC,0xA6D9,0x9ED7,0x9ED6,0x96B3,0x5CC9,0x5CC8,0x6528,0x6567,0x65A7,0x5D08,0xF81F,0xF81F,0xF81F,0xF81F,
  0xF81F,0xF81F,0xF81F,0xF81F,0xF81F,0xF81F,0xF81F,0xB71F,0xB71F,0xB71F,0x3A8E,0x42CF,0xB71F,0xB71F,0xAEFF,0xAEBE,
  0x8D99,0x3A6D,0x3A6D,0x3A6D,0xF81F,0xF81F,0xF81F,0xF81F,0xF81F,0xF81F,0xF81F,0xF81F,0xF81F,0xF81F,0xB71F,0xB71F,
  0xB71F,0xB71F,0x42CE,0x4B0F,0xB71F,0xB71F,0xB71F,0xB71F,0xB71F,0x6413,0x3A6D,0x3A6D,0xF81F,0xF81F,0xF81F,0xF81F,
  0xF81F,0xF81F,0xF81F,0xF81F,0xF81F,0x8FDF,0xB71F,0x7CF7,0x74B6,0x8DBA,0x961B,0x9E3C,0xB71F,0xB71F,0xB71F,0xB71F,
  0xB71F,0x5BD2,0x3A6D,0x3A4D,0xF81F,0xF81F,0xF81F,0xF81F,0xF81F,0xF81F,0xF81F,0xF81F,0xF81F,0xF81F,0xF81F,0x3A6D,
  0x3A6D,0x3A6D,0x8D79,0xB71F,0xB71F,0xB71F,0xB71F,0xB71F,0xB71F,0xB71F,0xB71F,0x7CD9,0xF81F,0xF81F,0xF81F,0xF81F,
  0xF81F,0xF81F,0xF81F,0xF81F,0xF81F,0xF81F,0xF81F,0x74F3,0x8538,0x8DBA,0xB71F,0xB71F,0xB71F,0xB71F,0xB71F,0xB71F,
  0xB71F,0xB71F,0xB6FF,0xF81F,0xF81F,0xF81F,0xF81F,0xF81F,0xF81F,0xF81F,0xF81F,0xF81F,0xF81F,0xF81F,0xF81F,0x7665,
  0x7667,0x7E69,0x7E69,0x6456,0x4B1D,0x75EC,0x7E69,0x7E69,0x64B3,0x4B1D,0x429D,0xF81F,0xF81F,0xF81F,0xF81F,0xF81F,
  0xF81F,0xF81F,0xF81F,0xF81F,0xF81F,0xF81F,0xF81F,0x4B57,0x42FA,0x3A7C,0x3A7C,0x3A7C,0x3A7C,0xAEFE,0xB71F,0xB71F,
  0x8651,0x3A7C,0x3A7C,0xF81F,0xF81F,0xF81F,0xF81F,0xF81F,0xF81F,0xF81F,0xF81F,0xF81F,0xF81F,0xF81F,0xF81F,0x3A7C,
  0x3A7C,0x3A7C,0x3A7C,0x3A7C,0x3A7C,0xB71F,0xB71F,0xB71F,0x9E9C,0x3A7C,0x3A7C,0xF81F,0xF81F,0xF81F,0xF81F,0xF81F,
  0xF81F,0xF81F,0xF81F,0xF81F,0xF81F,0xF81F,0xF81F,0x3A7C,0x3A7C,0x3A7C,0x3A7C,0x3A7C,0x3A59,0x9E1D,0xB71F,0xB71F,
  0x9E1F,0x3A7C,0x3A7C,0xF81F,0xF81F,0xF81F,0xF81F,0xF81F,0xF81F,0xF81F,0xF81F,0xF81F,0xF81F,0xF81F,0xF81F,0x3A5C,
  0x3A7C,0x3A5C,0x3A5C,0x31A7,0x3186,0x3186,0x3186,0x3186,0x3A5C,0x3A7C,0x3A5C,0xF81F,0xF81F,0xF81F,0xF81F,0xF81F,
  0xF81F,0xF81F,0xF81F,0xF81F,0xF81F,0xF81F,0xF81F,0xF81F,0xF81F,0xF81F,0x4008,0x3186,0x3186,0x3186,0x3186,0x3186,
  0xF81F,0xF81F,0xF81F,0xF81F,0xF81F,0xF81F,0xF81F,0xF81F,0xF81F,0xF81F,0xF81F,0xF81F,0xF81F,0xF81F,0xF81F,0xF81F,
  0xF81F,0xF81F,0xF81F,0x2945,0x31A6,0x3186,0x3186,0x2965,0xF81F,0xF81F,0xF81F,0xF81F,0xF81F,0xF81F,0xF81F,0xF81F,
  0xF81F,0xF81F,0xF81F,0xF81F,0xF81F,0xF81F,0xF81F,0xF81F,0xF81F,0xF81F,0xF81F,0xF81F,0xF81F,0xF81F,0xF81F,0xF81F,
  0xF81F,0xF81F,0xF81F,0xF81F,0xF81F,0xF81F,0xF81F,0xF81F,0xF81F,0xF81F,0xF81F,0xF81F,0xF81F,0xF81F,0xF81F,0xF81F,
  0xF81F,0xF81F,0xF81F,0xF81F,0xF81F,0xF81F,0xF81F,0xF81F,0xF81F,0xF81F,0xF81F,0xF81F,0xF81F,0xF81F,0xF81F,0xF81F,
  0xF81F,0xF81F,0xF81F,0xF81F,0xF81F,0xF81F,0xF81F,0xF81F,0xF81F,0xF81F,0xF81F,0xF81F,0xF81F,0xF81F,0xF81F,0xF81F,
  0xF81F,0xF81F,0xF81F,0xF81F,0xF81F,0xF81F,0xF81F,0xF81F,0xF81F,0xF81F,0xF81F,0xF81F,0xF81F,0xF81F,0xF81F,0xF81F,
  0xF81F,0xF81F,0xF81F,0xF81F,0xF81F,0xF81F,0xF81F,0xF81F,0xF81F,0xF81F,0xF81F,0xF81F,0xF81F,0xF81F,0xF81F,0xF81F,
  0xF81F,0xF81F,0xF81F,0xF81F,0xF81F,0xF81F,0xF81F,0x5545,0x6585,0x6584,0x6585,0x6585,0x6585,0x6585,0x6584,0x6565,
  0xF81F,0xF81F,0xF81F,0xF81F,0xF81F,0xF81F,0xF81F,0xF81F,0xF81F,0xF81F,0xF81F,0xF81F,0xF81F,0xF81F,0xF81F,0x6585,
  0x6585,0x6585,0x6585,0x6585,0x6585,0x6585,0x6585,0x6585,0x6585,0x6585,0xF81F,0xF81F,0xF81F,0xF81F,0xF81F,0xF81F,
  0xF81F,0xF81F,0xF81F,0xF81F,0xF81F,0xF81F,0xF81F,0xBEF4,0x6DA6,0x6585,0x6585,0x6585,0x6585,0x6585,0x6585,0x6585,
  0x6585,0x6585,0x6585,0x5545,0xF81F,0xF81F,0xF81F,0xF81F,0xF81F,0xF81F,0xF81F,0xF81F,0xF81F,0xF81F,0xF81F,0xFFFF,
  0xFFFF,0x7DE8,0x6585,0x6585,0x6585,0x6585,0x6585,0x6585,0x6585,0x6585,0x6585,0x6584,0xF81F,0xF81F,0xF81F,0xF81F,
  0xF81F,0xF81F,0xF81F,0xF81F,0xF81F,0xF81F,0xF81F,0xFFFF,0xFFFF,0xDF9D,0x6585,0x6585,0x6585,0x6585,0x6585,0x6585,
  0x6585,0x6585,0x6585,0x6585,0xF81F,0xF81F,0xF81F,0xF81F,0xF81F,0xF81F,0xF81F,0xF81F,0x7665,0x7665,0x7665,0x7665,
  0x7665,0x7665,0x7665,0x7665,0x7665,0x7665,0x6DE6,0x6587,0x5D07,0x5D46,0x6585,0x6585,0xF81F,0xF81F,0xF81F,0xF81F,
  0xF81F,0xF81F,0xF81F,0xF81F,0x7665,0x7665,0x7665,0x7665,0x7665,0x7665,0x7665,0x7665,0x7665,0x7665,0x7665,0x7665,
  0x7665,0x7665,0x6E06,0x6586,0xF81F,0xF81F,0xF81F,0xF81F,0xF81F,0xF81F,0xF81F,0xF81F,0xF81F,0xF81F,0xF81F,0xB71F,
  0xAEFD,0xAEFC,0xA6D9,0x9ED7,0x9ED6,0x96B3,0x5CC9,0x5CC8,0x6528,0x6567,0x65A7,0x5D08,0xF81F,0xF81F,0xF81F,0xF81F,
  0xF81F,0xF81F,0xF81F,0xF81F,0xF81F,0xF81F,0xF81F,0xB71F,0xB71F,0xB71F,0x3A8E,0x42CF,0xB71F,0xB71F,0xAEFF,0xAEBE,
  0x8D99,0x3A6D,0x3A6D,0x3A6D,0xF81F,0xF81F,0xF81F,0xF81F,0xF81F,0xF81F,0xF81F,0xF81F,0xF81F,0xF81F,0xB71F,0xB71F,
  0xB71F,0xB71F,0x42CE,0x4B0F,0xB71F,0xB71F,0xB71F,0xB71F,0xB71F,0x6413,0x3A6D,0x3A6D,0xF81F,0xF81F,0xF81F,0xF81F,
  0xF81F,0xF81F,0xF81F,0xF81F,0xF81F,0x8FDF,0xB71F,0x7CF7,0x74B6,0x8DBA,0x961B,0x9E3C,0xB71F,0xB71F,0xB71F,0xB71F,
  0xB71F,0x5BD2,0x3A6D,0x3A4D,0xF81F,0xF81F,0xF81F,0xF81F,0xF81F,0xF81F,0xF81F,0xF81F,0xF81F,0xF81F,0xF81F,0x3A6D,
  0x3A6D,0x3A6D,0x8D79,0xB71F,0xB71F,0xB71F,0xB71F,0xB71F,0xB71F,0xB71F,0xB71F,0x7CD9,0xF81F,0xF81F,0xF81F,0xF81F,
  0xF81F,0xF81F,0xF81F,0xF81F,0xF81F,0xF81F,0xF81F,0x74F3,0x8538,0x8DBA,0xB71F,0xB71F,0xB71F,0xB71F,0xB71F,0xB71F,
  0xB71F,0xB71F,0xB6FF,0xF81F,0xF81F,0xF81F,0xF81F,0xF81F,0xF81F,0xF81F,0xF81F,0xF81F,0xF81F,0xF81F,0xF81F,0x7665,
  0x7667,0x7E69,0x7E69,0x6456,0x4B1D,0x53B9,0x7E69,0x7E69,0x7E8A,0x5C74,0x429D,0xF81F,0xF81F,0xF81F,0xF81F,0xF81F,
  0xF81F,0xF81F,0xF81F,0xF81F,0xF81F,0xF81F,0xF81F,0x4B57,0x42FA,0x3A7C,0x3A7C,0x3A7C,0x3A7C,0x4B76,0x8EB0,0xB71F,
  0xB71F,0xB71F,0x7CDE,0xF81F,0xF81F,0xF81F,0xF81F,0xF81F,0xF81F,0xF81F,0xF81F,0xF81F,0xF81F,0xF81F,0x3186,0x3A7C,
  0x3A7C,0x3A7C,0x3A7C,0x3A7C,0x3A7C,0x3A7C,0x9697,0xB71F,0xB71F,0xB71F,0x95DF,0xF81F,0xF81F,0xF81F,0xF81F,0xF81F,
  0xF81F,0xF81F,0xF81F,0xF81F,0xF81F,0x3186,0x3186,0x3A7C,0x3A7C,0x3A7C,0x3A7C,0x3A7C,0x3A7C,0x3A7C,0x643A,0xAEDF,
  0xB71F,0xAEDF,0x641E,0x31A6,0x31A6,0xF81F,0xF81F,0xF81F,0xF81F,0xF81F,0xF81F,0xF81F,0xF81F,0x39C7,0x3186,0x31CC,
  0x39F0,0x31F0,0x3A5C,0x3A5C,0x3A5C,0x3A5C,0x3A5C,0x3A5C,0x31F0,0x31F0,0x31CD,0x31A6,0x2925,0xF81F,0xF81F,0xF81F,
  0xF81F,0xF81F,0xF81F,0xF81F,0xF81F,0xF81F,0x3186,0x3186,0x3186,0x3186,0xF81F,0xF81F,0xF81F,0xF81F,0xF81F,0xF81F,
  0x3186,0x3186,0x3186,0x4208,0xF81F,0xF81F,0xF81F,0xF81F,0xF81F,0xF81F,0xF81F,0xF81F,0xF81F,0xF81F,0xF81F,0x31A6,
  0x3186,0x31A6,0xF81F,0xF81F,0xF81F,0xF81F,0xF81F,0xF81F,0x3186,0x3186,0x3186,0xF81F,0xF81F,0xF81F,0xF81F,0xF81F,
  0xF81F,0xF81F,0xF81F,0xF81F,0xF81F,0xF81F,0xF81F,0xF81F,0xF81F,0xF81F,0xF81F,0xF81F,0xF81F,0xF81F,0xF81F,0xF81F,
  0xF81F,0xF81F,0xF81F,0xF81F,0xF81F,0xF81F,0xF81F,0xF81F,0xF81F,0xF81F,0xF81F,0xF81F,0xF81F,0xF81F,0xF81F,0xF81F,
  0xF81F,0xF81F,0xF81F,0xF81F,0xF81F,0xF81F,0xF81F,0xF81F,0xF81F,0xF81F,0xF81F,0xF81F,0xF81F,0xF81F,0xF81F,0xF81F,
  0xF81F,0xF81F,0xF81F,0xF81F,0xF81F,0xF81F,0xF81F,0xF81F,0xF81F,0xF81F,0xF81F,0xF81F,0xF81F,0xF81F,0xF81F,0xF81F,
  0xF81F,0xF81F,0xF81F,0xF81F,0xF81F,0xF81F,0xF81F,0xF81F,0xF81F,0xF81F,0xF81F,0xF81F,0xF81F,0xF81F,0xF81F,0xF81F,
  0xF81F,0xF81F,0xF81F,0xF81F,0xF81F,0xF81F,0xF81F,0xF81F,0xF81F,0xF81F,0xF81F,0xF81F,0xF81F,0xF81F,0xF81F,0xF81F,
  0xF81F,0xF81F,0xF81F,0xF81F,0xF81F,0xF81F,0xF81F,0x5545,0x6585,0x6584,0x6585,0x6585,0x6585,0x6585,0x6584,0x6565,
  0xF81F,0xF81F,0xF81F,0xF81F,0xF81F,0xF81F,0xF81F,0xF81F,0xF81F,0xF81F,0xF81F,0xF81F,0xF81F,0xF81F,0xF81F,0x6585,
  0x6585,0x6585,0x6585,0x6585,0x6585,0x6585,0x6585,0x6585,0x6585,0x6585,0xF81F,0xF81F,0xF81F,0xF81F,0xF81F,0xF81F,
  0xF81F,0xF81F,0xF81F,0xF81F,0xF81F,0xF81F,0xF81F,0xBEF4,0x6DA6,0x6585,0x6585,0x6585,0x6585,0x6585,0x6585,0x6585,
  0x6585,0x6585,0x6585,0x5545,0xF81F,0xF81F,0xF81F,0xF81F,0xF81F,0xF81F,0xF81F,0xF81F,0xF81F,0xF81F,0xF81F,0xFFFF,
  0xFFFF,0x7DE8,0x6585,0x6585,0x6585,0x6585,0x6585,0x6585,0x6585,0x6585,0x6585,0x6584,0xF81F,0xF81F,0xF81F,0xF81F,
  0xF81F,0xF81F,0xF81F,0xF81F,0xF81F,0xF81F,0xF81F,0xFFFF,0xFFFF,0xDF9D,0x6585,0x6585,0x6585,0x6585,0x6585,0x6585,
  0x6585,0x6585,0x6585,0x6585,0xF81F,0xF81F,0xF81F,0xF81F,0xF81F,0xF81F,0xF81F,0xF81F,0x7665,0x7665,0x7665,0x7665,
  0x7665,0x7665,0x7665,0x7665,0x7665,0x7665,0x6DE6,0x6567,0x5CE6,0x5D26,0x6585,0x6585,0xF81F,0xF81F,0xF81F,0xF81F,
  0xF81F,0xF81F,0xF81F,0xF81F,0x7665,0x7665,0x7665,0x7665,0x7665,0x7665,0x7665,0x7665,0x7665,0x7665,0x7665,0x7665,
  0x7665,0x7665,0x6DE6,0x6546,0xF81F,0xF81F,0xF81F,0xF81F,0xF81F,0xF81F,0xF81F,0xF81F,0xF81F,0xF81F,0xF81F,0xB71F,
  0xAEFD,0xAEFC,0xA6D9,0x9ED7,0x9ED6,0x96B3,0x5CC9,0x5CC8,0x6528,0x6567,0x65A7,0x5D08,0xF81F,0xF81F,0xF81F,0xF81F,
  0xF81F,0xF81F,0xF81F,0xF81F,0xF81F,0xF81F,0xF81F,0xB71F,0xB71F,0xB71F,0x3A8E,0x42CF,0xB71F,0xB71F,0xAEFF,0xAEBE,
  0x8D99,0x3A6D,0x3A6D,0x3A6D,0xF81F,0xF81F,0xF81F,0xF81F,0xF81F,0xF81F,0xF81F,0xF81F,0xF81F,0xF81F,0xB71F,0xB71F,
  0xB71F,0xB71F,0x42CE,0x4B0F,0xB71F,0xB71F,0xB71F,0xB71F,0xB71F,0x6413,0x3A6D,0x3A6D,0xF81F,0xF81F,0xF81F,0xF81F,
  0xF81F,0xF81F,0xF81F,0xF81F,0xF81F,0x8FDF,0xB71F,0x7CF7,0x74B6,0x8DBA,0x961B,0x9E3C,0xB71F,0xB71F,0xB71F,0xB71F,
  0xB71F,0x5BD2,0x3A6D,0x3A4D,0xF81F,0xF81F,0xF81F,0xF81F,0xF81F,0xF81F,0xF81F,0xF81F,0xF81F,0xF81F,0xF81F,0x3A6D,
  0x3A6D,0x3A6D,0x8D79,0xB71F,0xB71F,0xB71F,0xB71F,0xB71F,0xB71F,0xB71F,0xB71F,0x7CD9,0xF81F,0xF81F,0xF81F,0xF81F,
  0xF81F,0xF81F,0xF81F,0xF81F,0xF81F,0xF81F,0xF81F,0x74F3,0x8538,0x8DBA,0xB71F,0xB71F,0xB71F,0xB71F,0xB71F,0xB71F,
  0xB71F,0xB71F,0xB6FF,0xF81F,0xF81F,0xF81F,0xF81F,0xF81F,0xF81F,0xF81F,0xF81F,0xF81F,0xF81F,0xF81F,0xF81F,0x7665,
  0x7667,0x7E69,0x7E69,0x6456,0x4B1D,0x75EC,0x7E69,0x7E69,0x64B3,0x4B1D,0x429D,0xF81F,0xF81F,0xF81F,0xF81F,0xF81F,
  0xF81F,0xF81F,0xF81F,0xF81F,0xF81F,0xF81F,0xF81F,0x4B57,0x42FA,0x3A7C,0x3A7C,0x3A7C,0x3A7C,0xAEFE,0xB71F,0xB71F,
  0x8651,0x3A7C,0x3A7C,0xF81F,0xF81F,0xF81F,0xF81F,0xF81F,0xF81F,0xF81F,0xF81F,0xF81F,0xF81F,0xF81F,0xF81F,0x3A7C,
  0x3A7C,0x3A7C,0x3A7C,0x3A7C,0x3A7C,0xB71F,0xB71F,0xB71F,0x9E9C,0x3A7C,0x3A7C,0xF81F,0xF81F,0xF81F,0xF81F,0xF81F,
  0xF81F,0xF81F,0xF81F,0xF81F,0xF81F,0xF81F,0xF81F,0x3A7C,0x3A7C,0x3A7C,0x3A7C,0x3A7C,0x3A59,0x9E1D,0xB71F,0xB71F,
  0x9E1F,0x3A7C,0x3A7C,0xF81F,0xF81F,0xF81F,0xF81F,0xF81F,0xF81F,0xF81F,0xF81F,0xF81F,0xF81F,0xF81F,0xF81F,0x3A5C,
  0x3A7C,0x3A5C,0x3A5C,0x31A7,0x3186,0x3186,0x3186,0x3186,0x3A5C,0x3A7C,0x3A5C,0xF81F,0xF81F,0xF81F,0xF81F,0xF81F,
  0xF81F,0xF81F,0xF81F,0xF81F,0xF81F,0xF81F,0xF81F,0xF81F,0xF81F,0xF81F,0x4008,0x3186,0x3186,0x3186,0x3186,0x3186,
  0xF81F,0xF81F,0xF81F,0xF81F,0xF81F,0xF81F,0xF81F,0xF81F,0xF81F,0xF81F,0xF81F,0xF81F,0xF81F,0xF81F,0xF81F,0xF81F,
  0xF81F,0xF81F,0xF81F,0x2945,0x31A6,0x3186,0x3186,0x2965,0xF81F,0xF81F,0xF81F,0xF81F,0xF81F,0xF81F,0xF81F,0xF81F,
  0xF81F,0xF81F,0xF81F,0xF81F,0xF81F,0xF81F,0xF81F,0xF81F,0xF81F,0xF81F,0xF81F,0xF81F,0xF81F,0xF81F,0xF81F,0xF81F,
  0xF81F,0xF81F,0xF81F,0xF81F,0xF81F,0xF81F,0xF81F,0xF81F,0xF81F,0xF81F,0xF81F,0xF81F,0xF81F,0xF81F,0xF81F,0xF81F,
  0xF81F,0xF81F,0xF81F,0xF81F,0xF81F,0xF81F,0xF81F,0xF81F,0xF81F,0xF81F,0xF81F,0xF81F,0xF81F,0xF81F,0xF81F,0xF81F,
  0xF81F,0xF81F,0xF81F,0xF81F,0xF81F,0xF81F,0xF81F,0xF81F,0xF81F,0xF81F,0xF81F,0xF81F,0xF81F,0xF81F,0xF81F,0xF81F,
  0xF81F,0xF81F,0xF81F,0xF81F,0xF81F,0xF81F,0xF81F,0xF81F,0xF81F,0xF81F,0xF81F,0xF81F,0xF81F,0xF81F,0xF81F,0xF81F,
  0xF81F,0xF81F,0xF81F,0xF81F,0xF81F,0xF81F,0xF81F,0xF81F,0xF81F,0xF81F,0xF81F,0xF81F,0xF81F,0xF81F,0xF81F,0xF81F,
  0xF81F,0xF81F,0xF81F,0xF81F,0xF81F,0xF81F,0xF81F,0x5545,0x6585,0x6584,0x6585,0x6585,0x6585,0x6585,0x6584,0x6565,
  0xF81F,0xF81F,0xF81F,0xF81F,0xF81F,0xF81F,0xF81F,0xF81F,0xF81F,0xF81F,0xF81F,0xF81F,0xF81F,0xF81F,0xF81F,0x6585,
  0x6585,0x6585,0x6585,0x6585,0x6585,0x6585,0x6585,0x6585,0x6585,0x6585,0xF81F,0xF81F,0xF81F,0xF81F,0xF81F,0xF81F,
  0xF81F,0xF81F,0xF81F,0xF81F,0xF81F,0xF81F,0xF81F,0x8E2C,0x6585,0x6585,0x6585,0x6585,0x6585,0x6585,0x6585,0x6585,
  0x6585,0x6585,0x6585,0x5545,0xF81F,0xF81F,0xF81F,0xF81F,0xF81F,0xF81F,0xF81F,0xF81F,0xF81F,0xF81F,0xF81F,0xFFFF,
  0xEF9C,0x6585,0x6585,0x6585,0x6585,0x6585,0x6585,0x6585,0x6585,0x6585,0x6585,0x6584,0xF81F,0xF81F,0xF81F,0xF81F,
  0xF81F,0xF81F,0xF81F,0xF81F,0xF81F,0xF81F,0xF81F,0xFFFF,0xFFFF,0xBF17,0x6585,0x6585,0x6585,0x6585,0x6585,0x6585,
  0x6585,0x6585,0x6585,0x6585,0xF81F,0xF81F,0xF81F,0xF81F,0xF81F,0xF81F,0xF81F,0xF81F,0x7665,0x7665,0x7665,0x7665,
  0x7665,0x7665,0x7665,0x7665,0x7665,0x7665,0x6DE6,0x6567,0x5CE6,0x5D26,0x6585,0x6585,0xF81F,0xF81F,0xF81F,0xF81F,
  0xF81F,0xF81F,0xF81F,0xF81F,0x7665,0x7665,0x7665,0x7665,0x7665,0x7665,0x7665,0x7665,0x7665,0x7665,0x7665,0x7665,
  0x7665,0x7665,0x6DE6,0x6546,0xF81F,0xF81F,0xF81F,0xF81F,0xF81F,0xF81F,0xF81F,0xF81F,0xF81F,0xF81F,0xF81F,0xB71F,
  0xAEFD,0xAEFC,0xA6D9,0x9ED7,0x9ED6,0x96B3,0x5C89,0x5CC8,0x6528,0x6567,0x65A7,0x5D08,0xF81F,0xF81F,0xF81F,0xF81F,
  0xF81F,0xF81F,0xF81F,0xF81F,0xF81F,0xF81F,0xF81F,0xB71F,0xB71F,0xB71F,0x3A8E,0x42CF,0xB71F,0xB71F,0xA67D,0xAEBE,
  0x8D99,0x3A6D,0x3A6D,0x3A6D,0xF81F,0xF81F,0xF81F,0xF81F,0xF81F,0xF81F,0xF81F,0xF81F,0xF81F,0xF81F,0xB71F,0xB71F,
  0xB71F,0xB71F,0x42CE,0x4B0F,0xB71F,0xB71F,0xB71F,0xB71F,0xB71F,0x6413,0x3A6D,0x3A6D,0xF81F,0xF81F,0xF81F,0xF81F,
  0xF81F,0xF81F,0xF81F,0xF81F,0xF81F,0x8FDF,0xB71F,0x7CF7,0x74B6,0x8DBA,0x961B,0x9E3C,0xB71F,0xB71F,0xB71F,0xB71F,
  0xB71F,0x5BD2,0x3A6D,0x3A4D,0xF81F,0xF81F,0xF81F,0xF81F,0xF81F,0xF81F,0xF81F,0xF81F,0xF81F,0xF81F,0xF81F,0x3A6D,
  0x3A6D,0x3A6D,0x8D79,0xB71F,0xB71F,0xB71F,0xB71F,0xB71F,0xB71F,0xB71F,0xB6FF,0x7CD7,0xF81F,0xF81F,0xF81F,0xF81F,
  0xF81F,0xF81F,0xF81F,0xF81F,0xF81F,0xF81F,0xF81F,0x74F3,0x8538,0x8DBA,0xB71F,0xB71F,0xB71F,0xB71F,0xB71F,0xB71F,
  0xB71F,0xB71F,0xB6FF,0xF81F,0xF81F,0xF81F,0xF81F,0xF81F,0xF81F,0xF81F,0xF81F,0xF81F,0xF81F,0xF81F,0xF81F,0x7665,
  0x7667,0x7E69,0x7E69,0x6456,0x537B,0x8EB0,0x7E8A,0x7E69,0x4B1D,0x4B1D,0x429D,0xF81F,0xF81F,0xF81F,0xF81F,0xF81F,
  0xF81F,0xF81F,0xF81F,0xF81F,0xF81F,0xF81F,0xF81F,0x4B57,0x42FA,0x3A7C,0x3A7C,0x3A7C,0xA6BE,0xB71F,0xB71F,0x9ED7,
  0x3A7C,0x3A7C,0x3A7C,0xF81F,0xF81F,0xF81F,0xF81F,0xF81F,0xF81F,0xF81F,0xF81F,0xF81F,0xF81F,0xF81F,0x3186,0x3A7C,
  0x3A7C,0x3A7C,0x3A7C,0x3A7C,0x8D9E,0xB71F,0xB71F,0xA6DA,0x3A7C,0x3A7C,0x3A7C,0xF81F,0xF81F,0xF81F,0xF81F,0xF81F,
  0xF81F,0xF81F,0xF81F,0xF81F,0xF81F,0x3186,0x3186,0x3A7C,0x3A7C,0x3A7C,0x3A7C,0x3A7C,0x533D,0xB71F,0xB71F,0x853C,
  0x3A7C,0x3A7C,0x3A7C,0x31A6,0x31A6,0xF81F,0xF81F,0xF81F,0xF81F,0xF81F,0xF81F,0xF81F,0xF81F,0x39C7,0x3186,0x31CC,
  0x39F0,0x31F0,0x3A5C,0x3A5C,0x3A5C,0x3A5C,0x3A5C,0x3A5C,0x31F0,0x31F0,0x31CD,0x31A6,0x2925,0xF81F,0xF81F,0xF81F,
  0xF81F,0xF81F,0xF81F,0xF81F,0xF81F,0xF81F,0x3186,0x3186,0x3186,0x3186,0xF81F,0xF81F,0xF81F,0xF81F,0xF81F,0xF81F,
  0x3186,0x3186,0x3186,0x4208,0xF81F,0xF81F,0xF81F,0xF81F,0xF81F,0xF81F,0xF81F,0xF81F,0xF81F,0xF81F,0xF81F,0x31A6,
  0x3186,0x31A6,0xF81F,0xF81F,0xF81F,0xF81F,0xF81F,0xF81F,0x3186,0x3186,0x3186,0xF81F,0xF81F,0xF81F,0xF81F,0xF81F,
  0xF81F,0xF81F,0xF81F,0xF81F,0xF81F,0xF81F,0xF81F,0xF81F,0xF81F,0xF81F,0xF81F,0xF81F,0xF81F,0xF81F,0xF81F,0xF81F,
  0xF81F,0xF81F,0xF81F,0xF81F,0xF81F,0xF81F,0xF81F,0xF81F,0xF81F,0xF81F,0xF81F,0xF81F,0xF81F,0xF81F,0xF81F,0xF81F,
  0xF81F,0xF81F,0xF81F,0xF81F,0xF81F,0xF81F,0xF81F,0xF81F,0xF81F,0xF81F,0xF81F,0xF81F,0xF81F,0xF81F,0xF81F,0xF81F,
  0xF81F,0xF81F,0xF81F,0xF81F,0xF81F,0xF81F,0xF81F,0xF81F,0xF81F,0xF81F,0xF81F,0xF81F,0xF81F,0xF81F,0xF81F,0xF81F,
  0xF81F,0xF81F,0xF81F,0xF81F,0xF81F,0xF81F,0xF81F,0xF81F,0xF81F,0xF81F,0xF81F,0xF81F,0xF81F,0xF81F,0xF81F,0xF81F,
  0xF81F,0xF81F,0xF81F,0xF81F,0xF81F,0xF81F,0xF81F,0xF81F,0xF81F,0xF81F,0xF81F,0xF81F,0xF81F,0xF81F,0xF81F,0xF81F,
  0xF81F,0xF81F,0xF81F,0xF81F,0xF81F,0xF81F,0xF81F,0xF81F,0x6584,0x6584,0x6585,0x6585,0x6585,0x6585,0x6584,0x6585,
  0xF81F,0xF81F,0xF81F,0xF81F,0xF81F,0xF81F,0xF81F,0xF81F,0xF81F,0xF81F,0xF81F,0xF81F,0xF81F,0xF81F,0x6584,0x6585,
  0x6585,0x6585,0x6585,0x6585,0x6585,0x6585,0x6585,0x6585,0x6585,0xF81F,0xF81F,0xF81F,0xF81F,0xF81F,0xF81F,0xF81F,
  0xF81F,0xF81F,0xF81F,0xF81F,0x6585,0x6585,0x6585,0x6585,0x6585,0x6585,0x6585,0x6585,0x6585,0x6585,0x6585,0x6585,
  0xBF14,0xF81F,0xF81F,0xF81F,0xF81F,0xF81F,0xF81F,0xF81F,0xF81F,0xF81F,0xF81F,0xF81F,0x6585,0x6585,0x6585,0x6585,
  0x6585,0x6585,0x6585,0x6585,0x6585,0x6585,0x6585,0xEF9C,0xFFFF,0xF81F,0xF81F,0xF81F,0xF81F,0xF81F,0xF81F,0xF81F,
  0xF81F,0xF81F,0xF81F,0xF81F,0x6585,0x6585,0x6585,0x6585,0x6585,0x6585,0x6585,0x6585,0x6585,0x6585,0xBF17,0xFFFF,
  0xFFFF,0xF81F,0xF81F,0xF81F,0xF81F,0xF81F,0xF81F,0xF81F,0xF81F,0xF81F,0xF81F,0xF81F,0x6585,0x6585,0x5D26,0x5D07,
  0x6567,0x6DE6,0x7665,0x7665,0x7665,0x7665,0x7665,0x7665,0x7665,0x7665,0x7665,0x7645,0xF81F,0xF81F,0xF81F,0xF81F,
  0xF81F,0xF81F,0xF81F,0xF81F,0x5D27,0x6DE6,0x7665,0x7665,0x7665,0x7665,0x7665,0x7665,0x7665,0x7665,0x7665,0x7665,
  0x7666,0x7665,0x7665,0x7665,0xF81F,0xF81F,0xF81F,0xF81F,0xF81F,0xF81F,0xF81F,0xF81F,0x6DA7,0x65A7,0x6567,0x5CE8,
  0x5CC8,0x5CA9,0x96D5,0x9ED6,0x9ED7,0xA6FA,0xAEFC,0xAEFD,0xB6FF,0xF81F,0xF81F,0xF81F,0xF81F,0xF81F,0xF81F,0xF81F,
  0xF81F,0xF81F,0xF81F,0xF81F,0x3A6D,0x3A6D,0x3A8D,0xB6FF,0xA6BE,0xA67D,0xB71F,0xB71F,0x42CF,0xB6FF,0xB71F,0xB71F,
  0xB71F,0xF81F,0xF81F,0xF81F,0xF81F,0xF81F,0xF81F,0xF81F,0xF81F,0xF81F,0xF81F,0xF81F,0x3A6D,0x3A6D,0x6414,0xB71F,
  0xB71F,0xB71F,0xB71F,0xB71F,0x4B0F,0xB71F,0xB71F,0xB71F,0xB6FF,0xB71F,0xF81F,0xF81F,0xF81F,0xF81F,0xF81F,0xF81F,
  0xF81F,0xF81F,0xF81F,0xF81F,0x3A6D,0x3A6D,0x5BD3,0xB71F,0xB71F,0xB71F,0xB71F,0xB71F,0x9E3C,0xB6FF,0x8DBA,0x74B6,
  0xAEFF,0xB71F,0x8FDF,0xF81F,0xF81F,0xF81F,0xF81F,0xF81F,0xF81F,0xF81F,0xF81F,0xF81F,0x9E3C,0xB6FF,0xB71F,0xB71F,
  0xB71F,0xB71F,0xB71F,0xB71F,0xB71F,0x3A6D,0x3A6D,0x3A6D,0x42AE,0xF81F,0xF81F,0xF81F,0xF81F,0xF81F,0xF81F,0xF81F,
  0xF81F,0xF81F,0xF81F,0xF81F,0xAEDF,0xB6FF,0xB71F,0xB71F,0xB71F,0xB71F,0xB71F,0xB71F,0xB71F,0x9E5C,0x8DBA,0x8538,
  0x42CC,0xF81F,0xF81F,0xF81F,0xF81F,0xF81F,0xF81F,0xF81F,0xF81F,0xF81F,0xF81F,0xF81F,0x3A7D,0x429D,0x4B1D,0x7E69,
  0x7E69,0x7E69,0x4B1D,0x4B1D,0x758F,0x7E69,0x7E69,0x7667,0x7665,0xF81F,0xF81F,0xF81F,0xF81F,0xF81F,0xF81F,0xF81F,
  0xF81F,0xF81F,0xF81F,0xF81F,0x3A7C,0x3A7C,0x3A7C,0xB71F,0xB71F,0xB71F,0x5C17,0x3A7C,0x3A7C,0x3A7C,0x42F9,0x5413,
  0x5CAF,0xF81F,0xF81F,0xF81F,0xF81F,0xF81F,0xF81F,0xF81F,0xF81F,0xF81F,0xF81F,0xF81F,0x3A7C,0x3A7C,0x3A7C,0xB71F,
  0xB71F,0xB71F,0x6C9A,0x3A7C,0x3A7C,0x3A7C,0x3A7C,0x3A7C,0x3A7C,0xF81F,0xF81F,0xF81F,0xF81F,0xF81F,0xF81F,0xF81F,
  0xF81F,0xF81F,0xF81F,0xF81F,0x3A5D,0x3A7C,0x3A7C,0xB71F,0xB71F,0xB71F,0x3A33,0x3A59,0x3A7C,0x3A7C,0x3A7C,0x3A7C,
  0x3A5C,0xF81F,0xF81F,0xF81F,0xF81F,0xF81F,0xF81F,0xF81F,0xF81F,0xF81F,0xF81F,0xF81F,0xF81F,0x3A7D,0x3A7C,0x3A3A,
  0x3186,0x3186,0x3186,0x3186,0x3187,0x3A5C,0x3A5C,0x3A7C,0xF81F,0xF81F,0xF81F,0xF81F,0xF81F,0xF81F,0xF81F,0xF81F,
  0xF81F,0xF81F,0xF81F,0xF81F,0xF81F,0xF81F,0xF81F,0x2965,0x3186,0x3186,0x3186,0x3186,0x3186,0xF81F,0xF81F,0xF81F,
  0xF81F,0xF81F,0xF81F,0xF81F,0xF81F,0xF81F,0xF81F,0xF81F,0xF81F,0xF81F,0xF81F,0xF81F,0xF81F,0xF81F,0xF81F,0xF81F,
  0x2965,0x3186,0x3186,0x31A6,0x2945,0xF81F,0xF81F,0xF81F,0xF81F,0xF81F,0xF81F,0xF81F,0xF81F,0xF81F,0xF81F,0xF81F,
  0xF81F,0xF81F,0xF81F,0xF81F,0xF81F,0xF81F,0xF81F,0xF81F,0xF81F,0xF81F,0xF81F,0xF81F,0xF81F,0xF81F,0xF81F,0xF81F,
  0xF81F,0xF81F,0xF81F,0xF81F,0xF81F,0xF81F,0xF81F,0xF81F,0xF81F,0xF81F,0xF81F,0xF81F,0xF81F,0xF81F,0xF81F,0xF81F,
  0xF81F,0xF81F,0xF81F,0xF81F,0xF81F,0xF81F,0xF81F,0xF81F,0xF81F,0xF81F,0xF81F,0xF81F,0xF81F,0xF81F,0xF81F,0xF81F,
  0xF81F,0xF81F,0xF81F,0xF81F,0xF81F,0xF81F,0xF81F,0xF81F,0xF81F,0xF81F,0xF81F,0xF81F,0xF81F,0xF81F,0xF81F,0xF81F,
  0xF81F,0xF81F,0xF81F,0xF81F,0xF81F,0xF81F,0xF81F,0xF81F,0xF81F,0xF81F,0xF81F,0xF81F,0xF81F,0xF81F,0xF81F,0xF81F,
  0xF81F,0xF81F,0xF81F,0xF81F,0xF81F,0xF81F,0xF81F,0xF81F,0xF81F,0xF81F,0xF81F,0xF81F,0xF81F,0xF81F,0xF81F,0xF81F,
  0xF81F,0xF81F,0xF81F,0xF81F,0xF81F,0xF81F,0xF81F,0xF81F,0x6584,0x6584,0x6585,0x6585,0x6585,0x6585,0x6584,0x6585,
  0xF81F,0xF81F,0xF81F,0xF81F,0xF81F,0xF81F,0xF81F,0xF81F,0xF81F,0xF81F,0xF81F,0xF81F,0xF81F,0xF81F,0x6584,0x6585,
  0x6585,0x6585,0x6585,0x6585,0x6585,0x6585,0x6585,0x6585,0x6585,0xF81F,0xF81F,0xF81F,0xF81F,0xF81F,0xF81F,0xF81F,
  0xF81F,0xF81F,0xF81F,0xF81F,0x6585,0x6585,0x6585,0x6585,0x6585,0x6585,0x6585,0x6585,0x6585,0x6585,0x6585,0x6585,
  0xBF14,0xF81F,0xF81F,0xF81F,0xF81F,0xF81F,0xF81F,0xF81F,0xF81F,0xF81F,0xF81F,0xF81F,0x6585,0x6585,0x6585,0x6585,
  0x6585,0x6585,0x6585,0x6585,0x6585,0x6585,0x6585,0xEF9C,0xFFFF,0xF81F,0xF81F,0xF81F,0xF81F,0xF81F,0xF81F,0xF81F,
  0xF81F,0xF81F,0xF81F,0xF81F,0x6585,0x6585,0x6585,0x6585,0x6585,0x6585,0x6585,0x6585,0x6585,0x6585,0xBF17,0xFFFF,
  0xFFFF,0xF81F,0xF81F,0xF81F,0xF81F,0xF81F,0xF81F,0xF81F,0xF81F,0xF81F,0xF81F,0xF81F,0x6585,0x6585,0x6546,0x6527,
  0x6587,0x6DE6,0x7665,0x7665,0x7665,0x7665,0x7665,0x7665,0x7665,0x7665,0x7665,0x7645,0xF81F,0xF81F,0xF81F,0xF81F,
  0xF81F,0xF81F,0xF81F,0xF81F,0x6547,0x6E06,0x7665,0x7665,0x7665,0x7665,0x7665,0x7665,0x7665,0x7665,0x7665,0x7665,
  0x7666,0x7665,0x7665,0x7665,0xF81F,0xF81F,0xF81F,0xF81F,0xF81F,0xF81F,0xF81F,0xF81F,0x6DA7,0x65A7,0x6567,0x5CE8,
  0x5CC8,0x5CC9,0x96D5,0x9ED6,0x9ED7,0xA6FA,0xAEFC,0xAEFD,0xB6FF,0xF81F,0xF81F,0xF81F,0xF81F,0xF81F,0xF81F,0xF81F,
  0xF81F,0xF81F,0xF81F,0xF81F,0x3A6D,0x3A6D,0x3A8D,0xB6FF,0xAEBE,0xAEFF,0xB71F,0xB71F,0x42CF,0xB6FF,0xB71F,0xB71F,
  0xB71F,0xF81F,0xF81F,0xF81F,0xF81F,0xF81F,0xF81F,0xF81F,0xF81F,0xF81F,0xF81F,0xF81F,0x3A6D,0x3A6D,0x6414,0xB71F,
  0xB71F,0xB71F,0xB71F,0xB71F,0x4B0F,0xB71F,0xB71F,0xB71F,0xB6FF,0xB71F,0xF81F,0xF81F,0xF81F,0xF81F,0xF81F,0xF81F,
  0xF81F,0xF81F,0xF81F,0xF81F,0x3A6D,0x3A6D,0x5BD3,0xB71F,0xB71F,0xB71F,0xB71F,0xB71F,0x9E3C,0xB6FF,0x8DBA,0x74B6,
  0xAEFF,0xB71F,0x8FDF,0xF81F,0xF81F,0xF81F,0xF81F,0xF81F,0xF81F,0xF81F,0xF81F,0xF81F,0xAEDF,0xB71F,0xB71F,0xB71F,
  0xB71F,0xB71F,0xB71F,0xB71F,0xB71F,0x3A6D,0x3A6D,0x3A6D,0x42AE,0xF81F,0xF81F,0xF81F,0xF81F,0xF81F,0xF81F,0xF81F,
  0xF81F,0xF81F,0xF81F,0xF81F,0xAEDF,0xB6FF,0xB71F,0xB71F,0xB71F,0xB71F,0xB71F,0xB71F,0xB71F,0x9E5C,0x8DBA,0x8538,
  0x42CC,0xF81F,0xF81F,0xF81F,0xF81F,0xF81F,0xF81F,0xF81F,0xF81F,0xF81F,0xF81F,0xF81F,0x3A7D,0x429D,0x5C74,0x7E8A,
  0x7E69,0x7E69,0x4B1D,0x4B1D,0x6476,0x7E69,0x7E69,0x7667,0x7665,0xF81F,0xF81F,0xF81F,0xF81F,0xF81F,0xF81F,0xF81F,
  0xF81F,0xF81F,0xF81F,0xF81F,0x3A7C,0x7CDE,0xB71F,0xB71F,0xB71F,0x8EB0,0x3A7C,0x3A7C,0x3A7C,0x3A7C,0x3A7C,0x42FA,
  0x4BD4,0xF81F,0xF81F,0xF81F,0xF81F,0xF81F,0xF81F,0xF81F,0xF81F,0xF81F,0xF81F,0xF81F,0x3A5C,0x95DF,0xB71F,0xB71F,
  0xB71F,0x9697,0x3A7C,0x3A7C,0x3A7C,0x3A7C,0x3A7C,0x3A7C,0x3A5B,0x3186,0xF81F,0xF81F,0xF81F,0xF81F,0xF81F,0xF81F,
  0xF81F,0xF81F,0xF81F,0x31A6,0x3A37,0x641E,0xAEDF,0xB71F,0xAEDF,0x643A,0x3A7C,0x3A7C,0x3A7C,0x3A7C,0x3A7C,0x3A7C,
  0x3A35,0x3186,0x3186,0xF81F,0xF81F,0xF81F,0xF81F,0xF81F,0xF81F,0xF81F,0xF81F,0x2925,0x3186,0x31CD,0x31F0,0x3A36,
  0x3A5C,0x3A5C,0x3A5C,0x3A5C,0x3A5C,0x3A59,0x31F0,0x39F0,0x3186,0x3186,0x39C7,0xF81F,0xF81F,0xF81F,0xF81F,0xF81F,
  0xF81F,0xF81F,0xF81F,0xF81F,0x3186,0x3186,0x3186,0x31A6,0xF81F,0xF81F,0xF81F,0xF81F,0xF81F,0x31A6,0x3186,0x3186,
  0x3186,0x3186,0xF81F,0xF81F,0xF81F,0xF81F,0xF81F,0xF81F,0xF81F,0xF81F,0xF81F,0xF81F,0xF81F,0x3186,0x3186,0x4008,
  0xF81F,0xF81F,0xF81F,0xF81F,0xF81F,0xF81F,0x31A6,0x3186,0xF81F,0xF81F,0xF81F,0xF81F,0xF81F,0xF81F,0xF81F,0xF81F,
  0xF81F,0xF81F,0xF81F,0xF81F,0xF81F,0xF81F,0xF81F,0xF81F,0xF81F,0xF81F,0xF81F,0xF81F,0xF81F,0xF81F,0xF81F,0xF81F,
  0xF81F,0xF81F,0xF81F,0xF81F,0xF81F,0xF81F,0xF81F,0xF81F,0xF81F,0xF81F,0xF81F,0xF81F,0xF81F,0xF81F,0xF81F,0xF81F,
  0xF81F,0xF81F,0xF81F,0xF81F,0xF81F,0xF81F,0xF81F,0xF81F,0xF81F,0xF81F,0xF81F,0xF81F,0xF81F,0xF81F,0xF81F,0xF81F,
  0xF81F,0xF81F,0xF81F,0xF81F,0xF81F,0xF81F,0xF81F,0xF81F,0xF81F,0xF81F,0xF81F,0xF81F,0xF81F,0xF81F,0xF81F,0xF81F,
  0xF81F,0xF81F,0xF81F,0xF81F,0xF81F,0xF81F,0xF81F,0xF81F,0xF81F,0xF81F,0xF81F,0xF81F,0xF81F,0xF81F,0xF81F,0xF81F,
  0xF81F,0xF81F,0xF81F,0xF81F,0xF81F,0xF81F,0xF81F,0xF81F,0xF81F,0xF81F,0xF81F,0xF81F,0xF81F,0xF81F,0xF81F,0xF81F,
  0xF81F,0xF81F,0xF81F,0xF81F,0xF81F,0xF81F,0xF81F,0xF81F,0x6584,0x6584,0x6585,0x6585,0x6585,0x6585,0x6584,0x6585,
  0xF81F,0xF81F,0xF81F,0xF81F,0xF81F,0xF81F,0xF81F,0xF81F,0xF81F,0xF81F,0xF81F,0xF81F,0xF81F,0xF81F,0x6584,0x6585,
  0x6585,0x6585,0x6585,0x6585,0x6585,0x6585,0x6585,0x6585,0x6585,0xF81F,0xF81F,0xF81F,0xF81F,0xF81F,0xF81F,0xF81F,
  0xF81F,0xF81F,0xF81F,0xF81F,0x6585,0x6585,0x6585,0x6585,0x6585,0x6585,0x6585,0x6585,0x6585,0x6585,0x6585,0x6585,
  0xBF14,0xF81F,0xF81F,0xF81F,0xF81F,0xF81F,0xF81F,0xF81F,0xF81F,0xF81F,0xF81F,0xF81F,0x6585,0x6585,0x6585,0x6585,
  0x6585,0x6585,0x6585,0x6585,0x6585,0x6585,0x6585,0xEF9C,0xFFFF,0xF81F,0xF81F,0xF81F,0xF81F,0xF81F,0xF81F,0xF81F,
  0xF81F,0xF81F,0xF81F,0xF81F,0x6585,0x6585,0x6585,0x6585,0x6585,0x6585,0x6585,0x6585,0x6585,0x6585,0xBF17,0xFFFF,
  0xFFFF,0xF81F,0xF81F,0xF81F,0xF81F,0xF81F,0xF81F,0xF81F,0xF81F,0xF81F,0xF81F,0xF81F,0x6585,0x6585,0x5D26,0x5D07,
  0x6567,0x6DE6,0x7665,0x7665,0x7665,0x7665,0x7665,0x7665,0x7665,0x7665,0x7665,0x7645,0xF81F,0xF81F,0xF81F,0xF81F,
  0xF81F,0xF81F,0xF81F,0xF81F,0x5D27,0x6DE6,0x7665,0x7665,0x7665,0x7665,0x7665,0x7665,0x7665,0x7665,0x7665,0x7665,
  0x7666,0x7665,0x7665,0x7665,0xF81F,0xF81F,0xF81F,0xF81F,0xF81F,0xF81F,0xF81F,0xF81F,0x6DA7,0x65A7,0x6567,0x5CE8,
  0x5CC8,0x5CA9,0x96D5,0x9ED6,0x9ED7,0xA6FA,0xAEFC,0xAEFD,0xB6FF,0xF81F,0xF81F,0xF81F,0xF81F,0xF81F,0xF81F,0xF81F,
  0xF81F,0xF81F,0xF81F,0xF81F,0x3A6D,0x3A6D,0x3A8D,0xB6FF,0xA6BE,0xA67D,0xB71F,0xB71F,0x42CF,0xB6FF,0xB71F,0xB71F,
  0xB71F,0xF81F,0xF81F,0xF81F,0xF81F,0xF81F,0xF81F,0xF81F,0xF81F,0xF81F,0xF81F,0xF81F,0x3A6D,0x3A6D,0x6414,0xB71F,
  0xB71F,0xB71F,0xB71F,0xB71F,0x4B0F,0xB71F,0xB71F,0xB71F,0xB6FF,0xB71F,0xF81F,0xF81F,0xF81F,0xF81F,0xF81F,0xF81F,
  0xF81F,0xF81F,0xF81F,0xF81F,0x3A6D,0x3A6D,0x5BD3,0xB71F,0xB71F,0xB71F,0xB71F,0xB71F,0x9E3C,0xB6FF,0x8DBA,0x74B6,
  0xAEFF,0xB71F,0x8FDF,0xF81F,0xF81F,0xF81F,0xF81F,0xF81F,0xF81F,0xF81F,0xF81F,0xF81F,0x9E3C,0xB6FF,0xB71F,0xB71F,
  0xB71F,0xB71F,0xB71F,0xB71F,0xB71F,0x3A6D,0x3A6D,0x3A6D,0x42AE,0xF81F,0xF81F,0xF81F,0xF81F,0xF81F,0xF81F,0xF81F,
  0xF81F,0xF81F,0xF81F,0xF81F,0xAEDF,0xB6FF,0xB71F,0xB71F,0xB71F,0xB71F,0xB71F,0xB71F,0xB71F,0x9E5C,0x8DBA,0x8538,
  0x42CC,0xF81F,0xF81F,0xF81F,0xF81F,0xF81F,0xF81F,0xF81F,0xF81F,0xF81F,0xF81F,0xF81F,0x3A7D,0x429D,0x4B1D,0x7E69,
  0x7E69,0x7E69,0x4B1D,0x4B1D,0x758F,0x7E69,0x7E69,0x7667,0x7665,0xF81F,0xF81F,0xF81F,0xF81F,0xF81F,0xF81F,0xF81F,
  0xF81F,0xF81F,0xF81F,0xF81F,0x3A7C,0x3A7C,0x3A7C,0xB71F,0xB71F,0xB71F,0x5C17,0x3A7C,0x3A7C,0x3A7C,0x42F9,0x5413,
  0x5CAF,0xF81F,0xF81F,0xF81F,0xF81F,0xF81F,0xF81F,0xF81F,0xF81F,0xF81F,0xF81F,0xF81F,0x3A7C,0x3A7C,0x3A7C,0xB71F,
  0xB71F,0xB71F,0x6C9A,0x3A7C,0x3A7C,0x3A7C,0x3A7C,0x3A7C,0x3A7C,0xF81F,0xF81F,0xF81F,0xF81F,0xF81F,0xF81F,0xF81F,
  0xF81F,0xF81F,0xF81F,0xF81F,0x3A5D,0x3A7C,0x3A7C,0xB71F,0xB71F,0xB71F,0x3A33,0x3A59,0x3A7C,0x3A7C,0x3A7C,0x3A7C,
  0x3A5C,0xF81F,0xF81F,0xF81F,0xF81F,0xF81F,0xF81F,0xF81F,0xF81F,0xF81F,0xF81F,0xF81F,0xF81F,0x3A7D,0x3A7C,0x3A3A,
  0x3186,0x3186,0x3186,0x3186,0x3187,0x3A5C,0x3A5C,0x3A7C,0xF81F,0xF81F,0xF81F,0xF81F,0xF81F,0xF81F,0xF81F,0xF81F,
  0xF81F,0xF81F,0xF81F,0xF81F,0xF81F,0xF81F,0xF81F,0x2965,0x3186,0x3186,0x3186,0x3186,0x3186,0xF81F,0xF81F,0xF81F,
  0xF81F,0xF81F,0xF81F,0xF81F,0xF81F,0xF81F,0xF81F,0xF81F,0xF81F,0xF81F,0xF81F,0xF81F,0xF81F,0xF81F,0xF81F,0xF81F,
  0x2965,0x3186,0x3186,0x31A6,0x2945,0xF81F,0xF81F,0xF81F,0xF81F,0xF81F,0xF81F,0xF81F,0xF81F,0xF81F,0xF81F,0xF81F,
  0xF81F,0xF81F,0xF81F,0xF81F,0xF81F,0xF81F,0xF81F,0xF81F,0xF81F,0xF81F,0xF81F,0xF81F,0xF81F,0xF81F,0xF81F,0xF81F,
  0xF81F,0xF81F,0xF81F,0xF81F,0xF81F,0xF81F,0xF81F,0xF81F,0xF81F,0xF81F,0xF81F,0xF81F,0xF81F,0xF81F,0xF81F,0xF81F,
  0xF81F,0xF81F,0xF81F,0xF81F,0xF81F,0xF81F,0xF81F,0xF81F,0xF81F,0xF81F,0xF81F,0xF81F,0xF81F,0xF81F,0xF81F,0xF81F,
  0xF81F,0xF81F,0xF81F,0xF81F,0xF81F,0xF81F,0xF81F,0xF81F,0xF81F,0xF81F,0xF81F,0xF81F,0xF81F,0xF81F,0xF81F,0xF81F,
  0xF81F,0xF81F,0xF81F,0xF81F,0xF81F,0xF81F,0xF81F,0xF81F,0xF81F,0xF81F,0xF81F,0xF81F,0xF81F,0xF81F,0xF81F,0xF81F,
  0xF81F,0xF81F,0xF81F,0xF81F,0xF81F,0xF81F,0xF81F,0xF81F,0xF81F,0xF81F,0xF81F,0xF81F,0xF81F,0xF81F,0xF81F,0xF81F,
  0xF81F,0xF81F,0xF81F,0xF81F,0xF81F,0xF81F,0xF81F,0xF81F,0x6584,0x6584,0x6585,0x6585,0x6585,0x6585,0x6584,0x6585,
  0xF81F,0xF81F,0xF81F,0xF81F,0xF81F,0xF81F,0xF81F,0xF81F,0xF81F,0xF81F,0xF81F,0xF81F,0xF81F,0xF81F,0x6584,0x6585,
  0x6585,0x6585,0x6585,0x6585,0x6585,0x6585,0x6585,0x6585,0x6585,0xF81F,0xF81F,0xF81F,0xF81F,0xF81F,0xF81F,0xF81F,
  0xF81F,0xF81F,0xF81F,0xF81F,0x6585,0x6585,0x6585,0x6585,0x6585,0x6585,0x6585,0x6585,0x6585,0x6585,0x6585,0x6585,
  0xBF14,0xF81F,0xF81F,0xF81F,0xF81F,0xF81F,0xF81F,0xF81F,0xF81F,0xF81F,0xF81F,0xF81F,0x6585,0x6585,0x6585,0x6585,
  0x6585,0x6585,0x6585,0x6585,0x6585,0x6585,0x6585,0xEF9C,0xFFFF,0xF81F,0xF81F,0xF81F,0xF81F,0xF81F,0xF81F,0xF81F,
  0xF81F,0xF81F,0xF81F,0xF81F,0x6585,0x6585,0x6585,0x6585,0x6585,0x6585,0x6585,0x6585,0x6585,0x6585,0xBF17,0xFFFF,
  0xFFFF,0xF81F,0xF81F,0xF81F,0xF81F,0xF81F,0xF81F,0xF81F,0xF81F,0xF81F,0xF81F,0xF81F,0x6585,0x6585,0x5D26,0x5D07,
  0x6567,0x6DE6,0x7665,0x7665,0x7665,0x7665,0x7665,0x7665,0x7665,0x7665,0x7665,0x7645,0xF81F,0xF81F,0xF81F,0xF81F,
  0xF81F,0xF81F,0xF81F,0xF81F,0x5D27,0x6DE6,0x7665,0x7665,0x7665,0x7665,0x7665,0x7665,0x7665,0x7665,0x7665,0x7665,
  0x7666,0x7665,0x7665,0x7665,0xF81F,0xF81F,0xF81F,0xF81F,0xF81F,0xF81F,0xF81F,0xF81F,0x6DA7,0x65A7,0x6567,0x5CE8,
  0x5CC8,0x5CA9,0x96D5,0x9ED6,0x9ED7,0xA6FA,0xAEFC,0xAEFD,0xB6FF,0xF81F,0xF81F,0xF81F,0xF81F,0xF81F,0xF81F,0xF81F,
  0xF81F,0xF81F,0xF81F,0xF81F,0x3A6D,0x3A6D,0x3A8D,0xB6FF,0xA6BE,0xA67D,0xB71F,0xB71F,0x42CF,0xB6FF,0xB71F,0xB71F,
  0xB71F,0xF81F,0xF81F,0xF81F,0xF81F,0xF81F,0xF81F,0xF81F,0xF81F,0xF81F,0xF81F,0xF81F,0x3A6D,0x3A6D,0x6414,0xB71F,
  0xB71F,0xB71F,0xB71F,0xB71F,0x4B0F,0xB71F,0xB71F,0xB71F,0xB6FF,0xB71F,0xF81F,0xF81F,0xF81F,0xF81F,0xF81F,0xF81F,
  0xF81F,0xF81F,0xF81F,0xF81F,0x3A6D,0x3A6D,0x5BD3,0xB71F,0xB71F,0xB71F,0xB71F,0xB71F,0x9E3C,0xB6FF,0x8DBA,0x74B6,
  0xAEFF,0xB71F,0x8FDF,0xF81F,0xF81F,0xF81F,0xF81F,0xF81F,0xF81F,0xF81F,0xF81F,0xF81F,0x9E3C,0xB6FF,0xB71F,0xB71F,
  0xB71F,0xB71F,0xB71F,0xB71F,0xB71F,0x3A6D,0x3A6D,0x3A6D,0x42AE,0xF81F,0xF81F,0xF81F,0xF81F,0xF81F,0xF81F,0xF81F,
  0xF81F,0xF81F,0xF81F,0xF81F,0xAEDF,0xB6FF,0xB71F,0xB71F,0xB71F,0xB71F,0xB71F,0xB71F,0xB71F,0x9E5C,0x8DBA,0x8538,
  0x42CC,0xF81F,0xF81F,0xF81F,0xF81F,0xF81F,0xF81F,0xF81F,0xF81F,0xF81F,0xF81F,0xF81F,0x3A7D,0x429D,0x4B1D,0x6D30,
  0x7E69,0x7E8A,0x8E70,0x537B,0x6476,0x7E69,0x7E69,0x7667,0x7665,0xF81F,0xF81F,0xF81F,0xF81F,0xF81F,0xF81F,0xF81F,
  0xF81F,0xF81F,0xF81F,0xF81F,0x3A7C,0x3A7C,0x3A7C,0x650D,0x9ED7,0xB71F,0xB71F,0xAEBE,0x3A7C,0x3A7C,0x3A7C,0x42FA,
  0x4BD4,0xF81F,0xF81F,0xF81F,0xF81F,0xF81F,0xF81F,0xF81F,0xF81F,0xF81F,0xF81F,0xF81F,0x3A5C,0x3A7C,0x3A7C,0x4318,
  0xA6DA,0xB71F,0xB71F,0x8D9E,0x3A7C,0x3A7C,0x3A7C,0x3A7C,0x3A5B,0x3186,0xF81F,0xF81F,0xF81F,0xF81F,0xF81F,0xF81F,
  0xF81F,0xF81F,0xF81F,0x31A6,0x3A37,0x3A7C,0x3A7C,0x3A7C,0x855C,0xB71F,0xAEDF,0x533D,0x3A7C,0x3A7C,0x3A7C,0x3A7C,
  0x3A35,0x3186,0x3186,0xF81F,0xF81F,0xF81F,0xF81F,0xF81F,0xF81F,0xF81F,0xF81F,0x2925,0x3186,0x31CD,0x31F0,0x3A36,
  0x3A5C,0x3A5C,0x3A5C,0x3A5C,0x3A5C,0x3A59,0x31F0,0x39F0,0x3186,0x3186,0x39C7,0xF81F,0xF81F,0xF81F,0xF81F,0xF81F,
  0xF81F,0xF81F,0xF81F,0xF81F,0x3186,0x3186,0x3186,0x31A6,0xF81F,0xF81F,0xF81F,0xF81F,0xF81F,0x31A6,0x3186,0x3186,
  0x3186,0x3186,0xF81F,0xF81F,0xF81F,0xF81F,0xF81F,0xF81F,0xF81F,0xF81F,0xF81F,0xF81F,0xF81F,0x3186,0x3186,0x4008,
  0xF81F,0xF81F,0xF81F,0xF81F,0xF81F,0xF81F,0x31A6,0x3186,0xF81F,0xF81F,0xF81F,0xF81F,0xF81F,0xF81F,0xF81F,0xF81F,
  0xF81F,0xF81F,0xF81F,0xF81F,0xF81F,0xF81F,0xF81F,0xF81F,0xF81F,0xF81F,0xF81F,0xF81F,0xF81F,0xF81F,0xF81F,0xF81F,
  0xF81F,0xF81F,0xF81F,0xF81F,0xF81F,0xF81F,0xF81F,0xF81F,0xF81F,0xF81F,0xF81F,0xF81F,0xF81F,0xF81F,0xF81F,0xF81F,
  0xF81F,0xF81F,0xF81F,0xF81F,0xF81F,0xF81F,0xF81F,0xF81F,0xF81F,0xF81F,0xF81F,0xF81F,0xF81F,0xF81F,0xF81F,0xF81F,
  0xF81F,0xF81F,0xF81F,0xF81F,0xF81F,0xF81F,0xF81F,0xF81F,0xF81F,0xF81F,0xF81F,0xF81F,0xF81F,0xF81F,0xF81F,0xF81F,
  0xF81F,0xF81F,0xF81F,0xF81F,0xF81F,0xF81F,0xF81F,0xF81F,0xF81F,0xF81F,0xF81F,0xF81F,0xF81F,0xF81F,0xF81F,0xF81F,
  0xF81F,0xF81F,0xF81F,0xF81F,0xF81F,0xF81F,0xF81F,0xF81F,0xF81F,0xF81F,0xF81F,0xF81F,0xF81F,0xF81F,0xF81F,0xF81F,
  0xF81F,0xF81F,0xF81F,0xF81F,0xF81F,0xF81F,0xF81F,0x6564,0x6584,0x6585,0x6585,0x6585,0x6585,0x6585,0x6584,0x6585,
  0x8F11,0xF81F,0xF81F,0xF81F,0xF81F,0xF81F,0xF81F,0xF81F,0xF81F,0xF81F,0xF81F,0xF81F,0xF81F,0x6585,0x6584,0x6585,
  0x6585,0x6585,0x6585,0x6585,0x6585,0x6585,0x6585,0x6585,0x6585,0x6585,0x65A4,0xF81F,0xF81F,0xF81F,0xF81F,0xF81F,
  0xF81F,0xF81F,0xF81F,0xF81F,0xF81F,0x6585,0x6585,0x6585,0x6585,0x6585,0x6585,0x6585,0x6585,0x6585,0x6585,0x6585,
  0x6585,0x6585,0x6585,0xF81F,0xF81F,0xF81F,0xF81F,0xF81F,0xF81F,0xF81F,0xF81F,0xF81F,0xF81F,0x6585,0x6585,0x6585,
  0x6585,0x6585,0x6585,0x6585,0x6585,0x6585,0x6585,0x6585,0x6585,0x6585,0x6585,0xF81F,0xF81F,0xF81F,0xF81F,0xF81F,
  0xF81F,0xF81F,0xF81F,0xF81F,0xF81F,0x6585,0x6585,0x6585,0x6585,0x6585,0x6585,0x6585,0x6585,0x6585,0x6585,0x6585,
  0x6585,0x6585,0x6585,0xF81F,0xF81F,0xF81F,0xF81F,0xF81F,0xF81F,0xF81F,0xF81F,0xF81F,0xF81F,0x5D24,0x5D24,0x5D24,
  0x5D24,0x5D24,0x3A6D,0x3A6D,0x3A6D,0x4C27,0x5D24,0x5D24,0x5D24,0x5D24,0x5D24,0xF81F,0xF81F,0xF81F,0xF81F,0xF81F,
  0xF81F,0xF81F,0xF81F,0xF81F,0xF81F,0x5D24,0x5D24,0x5D24,0x5D24,0x5D24,0x4BA9,0x4BA9,0x4BA9,0x54A6,0x5D24,0x5D24,
  0x5D24,0x5D24,0x5D24,0xF81F,0xF81F,0xF81F,0xF81F,0xF81F,0xF81F,0xF81F,0xF81F,0xF81F,0xF81F,0x4BA9,0x4BC8,0x4BE8,
  0x4BE8,0x4BE8,0x4BE8,0x4BE8,0x4BE8,0x4BE8,0x4BE8,0x4BE8,0x4BE8,0x4BC8,0x4389,0xF81F,0xF81F,0xF81F,0xF81F,0xF81F,
  0xF81F,0xF81F,0xF81F,0xF81F,0x95FA,0x6C34,0x3A6D,0x3A6D,0x3A6D,0x3A6D,0x3A6D,0x3A6D,0x3A6D,0x3A6D,0x3A6D,0x3A6D,
  0x3A6D,0x3A6D,0x6434,0x95FB,0xF81F,0xF81F,0xF81F,0xF81F,0xF81F,0xF81F,0xF81F,0xF81F,0x95FA,0x6C54,0x3A6D,0x3A6D,
  0x3A6D,0x3A6D,0x3A6D,0x3A6D,0x3A6D,0x3A6D,0x3A6D,0x3A6D,0x3A6D,0x3A6D,0x6C54,0x95FA,0xF81F,0xF81F,0xF81F,0xF81F,
  0xF81F,0xF81F,0xF81F,0xF81F,0x95FA,0x8D99,0x6C75,0x3A6D,0x3A6D,0x3A6D,0x3A6D,0x3A6D,0x3A6D,0x3A6D,0x3A6D,0x3A6D,
  0x5350,0x6C75,0x8D99,0x95FA,0xF81F,0xF81F,0xF81F,0xF81F,0xF81F,0xF81F,0xF81F,0xF81F,0xF81F,0xB71F,0xB71F,0xB71F,
  0xB71F,0xB71F,0xB71F,0xB71F,0xB71F,0xB71F,0xB71F,0xB71F,0xB71F,0xB71F,0xAF1F,0xF81F,0xF81F,0xF81F,0xF81F,0xF81F,
  0xF81F,0xF81F,0xF81F,0xF81F,0xF81F,0x7645,0x9E3D,0xB71F,0xB71F,0xB71F,0xB71F,0xB71F,0xB71F,0xB71F,0xB71F,0xB71F,
  0xB71F,0x9E3D,0x6E46,0xF81F,0xF81F,0xF81F,0xF81F,0xF81F,0xF81F,0xF81F,0xF81F,0xF81F,0x7665,0x7665,0x4318,0x4B1D,
  0x4B1D,0x64B3,0x760C,0x760C,0x760C,0x760C,0x64B3,0x4B1D,0x42DD,0x42FA,0x7646,0xF81F,0xF81F,0xF81F,0xF81F,0xF81F,
  0xF81F,0xF81F,0xF81F,0xF81F,0x7E69,0x95DF,0x3A7C,0x3A7C,0x3A7C,0x3A7C,0x3A7C,0x3A7C,0x3A7C,0x3A7C,0x3A7C,0x3A7C,
  0x3A7C,0x3A7C,0x8D9E,0xF81F,0xF81F,0xF81F,0xF81F,0xF81F,0xF81F,0xF81F,0xF81F,0xF81F,0xAEFD,0x95DF,0x3A7C,0x42BA,
  0x3219,0x3219,0x3A7C,0x3A7C,0x3A7C,0x3A7C,0x3219,0x3219,0x4B1C,0x3A7C,0x8D9E,0xF81F,0xF81F,0xF81F,0xF81F,0xF81F,
  0xF81F,0xF81F,0xF81F,0xF81F,0xB71F,0x9E1F,0x3A7C,0x3A39,0x3219,0x3219,0x3A7C,0x3A7C,0x3A7C,0x3A7C,0x3219,0x3219,
  0x42BC,0x3A7C,0x95DF,0xF81F,0xF81F,0xF81F,0xF81F,0xF81F,0xF81F,0xF81F,0xF81F,0xF81F,0xF81F,0xB71F,0x39EA,0x3A12,
  0x3A12,0x3A12,0x3186,0xF81F,0xF81F,0x31AA,0x3A12,0x3A12,0x31F0,0x39EA,0xB71F,0xF81F,0xF81F,0xF81F,0xF81F,0xF81F,
  0xF81F,0xF81F,0xF81F,0xF81F,0xF81F,0xF81F,0x3186,0x3186,0x3186,0x3186,0x39C7,0xF81F,0xF81F,0x3186,0x3186,0x3186,
  0x3186,0x3186,0xF81F,0xF81F,0xF81F,0xF81F,0xF81F,0xF81F,0xF81F,0xF81F,0xF81F,0xF81F,0xF81F,0xF81F,0x2945,0x3186,
  0x31A6,0x3186,0xF81F,0xF81F,0xF81F,0x2945,0x3186,0x31A6,0x3186,0x3186,0xF81F,0xF81F,0xF81F,0xF81F,0xF81F,0xF81F,
  0xF81F,0xF81F,0xF81F,0xF81F,0xF81F,0xF81F,0xF81F,0xF81F,0xF81F,0xF81F,0xF81F,0xF81F,0xF81F,0xF81F,0xF81F,0xF81F,
  0xF81F,0xF81F,0xF81F,0xF81F,0xF81F,0xF81F,0xF81F,0xF81F,0xF81F,0xF81F,0xF81F,0xF81F,0xF81F,0xF81F,0xF81F,0xF81F,
  0xF81F,0xF81F,0xF81F,0xF81F,0xF81F,0xF81F,0xF81F,0xF81F,0xF81F,0xF81F,0xF81F,0xF81F,0xF81F,0xF81F,0xF81F,0xF81F,
  0xF81F,0xF81F,0xF81F,0xF81F,0xF81F,0xF81F,0xF81F,0xF81F,0xF81F,0xF81F,0xF81F,0xF81F,0xF81F,0xF81F,0xF81F,0xF81F,
  0xF81F,0xF81F,0xF81F,0xF81F,0xF81F,0xF81F,0xF81F,0xF81F,0xF81F,0xF81F,0xF81F,0xF81F,0xF81F,0xF81F,0xF81F,0xF81F,
  0xF81F,0xF81F,0xF81F,0xF81F,0xF81F,0xF81F,0xF81F,0xF81F,0xF81F,0xF81F,0xF81F,0xF81F,0xF81F,0xF81F,0xF81F,0xF81F,
  0xF81F,0xF81F,0xF81F,0xF81F,0xF81F,0xF81F,0xF81F,0x6564,0x6584,0x6585,0x6585,0x6585,0x6585,0x6585,0x6584,0x6585,
  0x8F11,0xF81F,0xF81F,0xF81F,0xF81F,0xF81F,0xF81F,0xF81F,0xF81F,0xF81F,0xF81F,0xF81F,0xF81F,0x6585,0x6584,0x6585,
  0x6585,0x6585,0x6585,0x6585,0x6585,0x6585,0x6585,0x6585,0x6585,0x6585,0x65A4,0xF81F,0xF81F,0xF81F,0xF81F,0xF81F,
  0xF81F,0xF81F,0xF81F,0xF81F,0xF81F,0x6585,0x6585,0x6585,0x6585,0x6585,0x6585,0x6585,0x6585,0x6585,0x6585,0x6585,
  0x6585,0x6585,0x6585,0xF81F,0xF81F,0xF81F,0xF81F,0xF81F,0xF81F,0xF81F,0xF81F,0xF81F,0xF81F,0x6585,0x6585,0x6585,
  0x6585,0x6585,0x6585,0x6585,0x6585,0x6585,0x6585,0x6585,0x6585,0x6585,0x6585,0xF81F,0xF81F,0xF81F,0xF81F,0xF81F,
  0xF81F,0xF81F,0xF81F,0xF81F,0xF81F,0x6585,0x6585,0x6585,0x6585,0x6585,0x6585,0x6585,0x6585,0x6585,0x6585,0x6585,
  0x6585,0x6585,0x6585,0xF81F,0xF81F,0xF81F,0xF81F,0xF81F,0xF81F,0xF81F,0xF81F,0xF81F,0xF81F,0x5D24,0x5D24,0x5D24,
  0x5D24,0x5D24,0x3A6D,0x3A6D,0x3A6D,0x4C27,0x5D24,0x5D24,0x5D24,0x5D24,0x5D24,0xF81F,0xF81F,0xF81F,0xF81F,0xF81F,
  0xF81F,0xF81F,0xF81F,0xF81F,0xF81F,0x5D24,0x5D24,0x5D24,0x5D24,0x5D24,0x4BA9,0x4BA9,0x4BA9,0x54A6,0x5D24,0x5D24,
  0x5D24,0x5D24,0x5D24,0xF81F,0xF81F,0xF81F,0xF81F,0xF81F,0xF81F,0xF81F,0xF81F,0xF81F,0xF81F,0x4BA9,0x4BC8,0x4BE8,
  0x4BE8,0x4BE8,0x4BE8,0x4BE8,0x4BE8,0x4BE8,0x4BE8,0x4BE8,0x4BE8,0x4BC8,0x4389,0xF81F,0xF81F,0xF81F,0xF81F,0xF81F,
  0xF81F,0xF81F,0xF81F,0xF81F,0x95FA,0x6C34,0x3A6D,0x3A6D,0x3A6D,0x3A6D,0x3A6D,0x3A6D,0x3A6D,0x3A6D,0x3A6D,0x3A6D,
  0x3A6D,0x3A6D,0x6434,0x95FB,0xF81F,0xF81F,0xF81F,0xF81F,0xF81F,0xF81F,0xF81F,0xF81F,0x95FA,0x6C54,0x3A6D,0x3A6D,
  0x3A6D,0x3A6D,0x3A6D,0x3A6D,0x3A6D,0x3A6D,0x3A6D,0x3A6D,0x3A6D,0x3A6D,0x6C54,0x95FA,0xF81F,0xF81F,0xF81F,0xF81F,
  0xF81F,0xF81F,0xF81F,0xF81F,0x95FA,0x8D99,0x6C75,0x3A6D,0x3A6D,0x3A6D,0x3A6D,0x3A6D,0x3A6D,0x3A6D,0x3A6D,0x3A6D,
  0x5350,0x6C75,0x8D99,0x95FA,0xF81F,0xF81F,0xF81F,0xF81F,0xF81F,0xF81F,0xF81F,0xF81F,0xF81F,0xB71F,0xB71F,0xB71F,
  0xB71F,0xB71F,0xB71F,0xB71F,0xB71F,0xB71F,0xB71F,0xB71F,0xB71F,0xB71F,0xAF1F,0xF81F,0xF81F,0xF81F,0xF81F,0xF81F,
  0xF81F,0xF81F,0xF81F,0xF81F,0xF81F,0x7645,0x9E3D,0xB71F,0xB71F,0xB71F,0xB71F,0xB71F,0xB71F,0xB71F,0xB71F,0xB71F,
  0xB71F,0x9639,0x6E46,0xF81F,0xF81F,0xF81F,0xF81F,0xF81F,0xF81F,0xF81F,0xF81F,0xF81F,0x7665,0x7665,0x4318,0x4B1D,
  0x4B1D,0x64B3,0x760C,0x760C,0x760C,0x760C,0x64B3,0x4B1D,0x4B79,0x6E07,0x7665,0xF81F,0xF81F,0xF81F,0xF81F,0xF81F,
  0xF81F,0xF81F,0xF81F,0xF81F,0x8EAF,0x95DF,0x3A7C,0x3A7C,0x3A7C,0x3A7C,0x3A7C,0x3A7C,0x3A7C,0x3A7C,0x3A7C,0x3A7C,
  0xB71F,0xB71F,0xB6FF,0xF81F,0xF81F,0xF81F,0xF81F,0xF81F,0xF81F,0xF81F,0xF81F,0xF81F,0xAF1F,0x95DF,0x3A7C,0x42BA,
  0x3219,0x3219,0x3A7C,0x3A7C,0x3A7C,0x3A7C,0x3219,0x3239,0xB71F,0xB71F,0xB71F,0xF81F,0xF81F,0xF81F,0xF81F,0xF81F,
  0xF81F,0xF81F,0xF81F,0xF81F,0xB71F,0x9E1F,0x3A7C,0x3211,0x31F1,0x31F5,0x3A7C,0x3A7C,0x3A7C,0x3A7C,0x3219,0x3219,
  0xB71F,0xB71F,0xB71F,0xF81F,0xF81F,0xF81F,0xF81F,0xF81F,0xF81F,0xF81F,0xF81F,0xF81F,0xF81F,0xB71F,0x39E7,0x3186,
  0x3186,0x3186,0x3186,0xF81F,0xF81F,0x31AA,0x3A12,0x3A12,0x3A31,0x6C13,0xB71F,0xF81F,0xF81F,0xF81F,0xF81F,0xF81F,
  0xF81F,0xF81F,0xF81F,0xF81F,0xF81F,0xF81F,0x3186,0x3186,0x3186,0x3186,0x39C7,0xF81F,0xF81F,0x3186,0x3186,0x3186,
  0x3186,0x3186,0xF81F,0xF81F,0xF81F,0xF81F,0xF81F,0xF81F,0xF81F,0xF81F,0xF81F,0xF81F,0xF81F,0xF81F,0x2945,0x3186,
  0x31A6,0x3186,0xF81F,0xF81F,0xF81F,0x2945,0x3186,0x31A6,0x3186,0x3186,0xF81F,0xF81F,0xF81F,0xF81F,0xF81F,0xF81F,
  0xF81F,0xF81F,0xF81F,0xF81F,0xF81F,0xF81F,0xF81F,0xF81F,0xF81F,0xF81F,0xF81F,0xF81F,0xF81F,0xF81F,0xF81F,0xF81F,
  0xF81F,0xF81F,0xF81F,0xF81F,0xF81F,0xF81F,0xF81F,0xF81F,0xF81F,0xF81F,0xF81F,0xF81F,0xF81F,0xF81F,0xF81F,0xF81F,
  0xF81F,0xF81F,0xF81F,0xF81F,0xF81F,0xF81F,0xF81F,0xF81F,0xF81F,0xF81F,0xF81F,0xF81F,0xF81F,0xF81F,0xF81F,0xF81F,
  0xF81F,0xF81F,0xF81F,0xF81F,0xF81F,0xF81F,0xF81F,0xF81F,0xF81F,0xF81F,0xF81F,0xF81F,0xF81F,0xF81F,0xF81F,0xF81F,
  0xF81F,0xF81F,0xF81F,0xF81F,0xF81F,0xF81F,0xF81F,0xF81F,0xF81F,0xF81F,0xF81F,0xF81F,0xF81F,0xF81F,0xF81F,0xF81F,
  0xF81F,0xF81F,0xF81F,0xF81F,0xF81F,0xF81F,0xF81F,0xF81F,0xF81F,0xF81F,0xF81F,0xF81F,0xF81F,0xF81F,0xF81F,0xF81F,
  0xF81F,0xF81F,0xF81F,0xF81F,0xF81F,0xF81F,0xF81F,0x6564,0x6584,0x6585,0x6585,0x6585,0x6585,0x6585,0x6584,0x6585,
  0x8F11,0xF81F,0xF81F,0xF81F,0xF81F,0xF81F,0xF81F,0xF81F,0xF81F,0xF81F,0xF81F,0xF81F,0xF81F,0x6585,0x6584,0x6585,
  0x6585,0x6585,0x6585,0x6585,0x6585,0x6585,0x6585,0x6585,0x6585,0x6585,0x65A4,0xF81F,0xF81F,0xF81F,0xF81F,0xF81F,
  0xF81F,0xF81F,0xF81F,0xF81F,0xF81F,0x6585,0x6585,0x6585,0x6585,0x6585,0x6585,0x6585,0x6585,0x6585,0x6585,0x6585,
  0x6585,0x6585,0x6585,0xF81F,0xF81F,0xF81F,0xF81F,0xF81F,0xF81F,0xF81F,0xF81F,0xF81F,0xF81F,0x6585,0x6585,0x6585,
  0x6585,0x6585,0x6585,0x6585,0x6585,0x6585,0x6585,0x6585,0x6585,0x6585,0x6585,0xF81F,0xF81F,0xF81F,0xF81F,0xF81F,
  0xF81F,0xF81F,0xF81F,0xF81F,0xF81F,0x6585,0x6585,0x6585,0x6585,0x6585,0x6585,0x6585,0x6585,0x6585,0x6585,0x6585,
  0x6585,0x6585,0x6585,0xF81F,0xF81F,0xF81F,0xF81F,0xF81F,0xF81F,0xF81F,0xF81F,0xF81F,0xF81F,0x5D24,0x5D24,0x5D24,
  0x5D24,0x5D24,0x3A6D,0x3A6D,0x3A6D,0x4C27,0x5D24,0x5D24,0x5D24,0x5D24,0x5D24,0xF81F,0xF81F,0xF81F,0xF81F,0xF81F,
  0xF81F,0xF81F,0xF81F,0xF81F,0xF81F,0x5D24,0x5D24,0x5D24,0x5D24,0x5D24,0x4BA9,0x4BA9,0x4BA9,0x54A6,0x5D24,0x5D24,
  0x5D24,0x5D24,0x5D24,0xF81F,0xF81F,0xF81F,0xF81F,0xF81F,0xF81F,0xF81F,0xF81F,0xF81F,0xF81F,0x4BA9,0x4BC8,0x4BE8,
  0x4BE8,0x4BE8,0x4BE8,0x4BE8,0x4BE8,0x4BE8,0x4BE8,0x4BE8,0x4BE8,0x4BC8,0x4389,0xF81F,0xF81F,0xF81F,0xF81F,0xF81F,
  0xF81F,0xF81F,0xF81F,0xF81F,0x95FA,0x6C34,0x3A6D,0x3A6D,0x3A6D,0x3A6D,0x3A6D,0x3A6D,0x3A6D,0x3A6D,0x3A6D,0x3A6D,
  0x3A6D,0x3A6D,0x6434,0x95FB,0xF81F,0xF81F,0xF81F,0xF81F,0xF81F,0xF81F,0xF81F,0xF81F,0x95FA,0x6C54,0x3A6D,0x3A6D,
  0x3A6D,0x3A6D,0x3A6D,0x3A6D,0x3A6D,0x3A6D,0x3A6D,0x3A6D,0x3A6D,0x3A6D,0x6C54,0x95FA,0xF81F,0xF81F,0xF81F,0xF81F,
  0xF81F,0xF81F,0xF81F,0xF81F,0x95FA,0x8D99,0x6C75,0x3A6D,0x3A6D,0x3A6D,0x3A6D,0x3A6D,0x3A6D,0x3A6D,0x3A6D,0x3A6D,
  0x5350,0x6C75,0x8D99,0x95FA,0xF81F,0xF81F,0xF81F,0xF81F,0xF81F,0xF81F,0xF81F,0xF81F,0xF81F,0xB71F,0xB71F,0xB71F,
  0xB71F,0xB71F,0xB71F,0xB71F,0xB71F,0xB71F,0xB71F,0xB71F,0xB71F,0xB71F,0xAF1F,0xF81F,0xF81F,0xF81F,0xF81F,0xF81F,
  0xF81F,0xF81F,0xF81F,0xF81F,0xF81F,0x7645,0x9E3D,0xB71F,0xB71F,0xB71F,0xB71F,0xB71F,0xB71F,0xB71F,0xB71F,0xB71F,
  0xB71F,0x9E3D,0x6E46,0xF81F,0xF81F,0xF81F,0xF81F,0xF81F,0xF81F,0xF81F,0xF81F,0xF81F,0x7665,0x7665,0x4318,0x4B1D,
  0x4B1D,0x64B3,0x760C,0x760C,0x760C,0x760C,0x64B3,0x4B1D,0x42DD,0x42FA,0x7646,0xF81F,0xF81F,0xF81F,0xF81F,0xF81F,
  0xF81F,0xF81F,0xF81F,0xF81F,0x7E69,0x95DF,0x3A7C,0x3A7C,0x3A7C,0x3A7C,0x3A7C,0x3A7C,0x3A7C,0x3A7C,0x3A7C,0x3A7C,
  0x3A7C,0x3A7C,0x8D9E,0xF81F,0xF81F,0xF81F,0xF81F,0xF81F,0xF81F,0xF81F,0xF81F,0xF81F,0xAEFD,0x95DF,0x3A7C,0x42BA,
  0x3219,0x3219,0x3A7C,0x3A7C,0x3A7C,0x3A7C,0x3219,0x3219,0x4B1C,0x3A7C,0x8D9E,0xF81F,0xF81F,0xF81F,0xF81F,0xF81F,
  0xF81F,0xF81F,0xF81F,0xF81F,0xB71F,0x9E1F,0x3A7C,0x3A39,0x3219,0x3219,0x3A7C,0x3A7C,0x3A7C,0x3A7C,0x3219,0x3219,
  0x42BC,0x3A7C,0x95DF,0xF81F,0xF81F,0xF81F,0xF81F,0xF81F,0xF81F,0xF81F,0xF81F,0xF81F,0xF81F,0xB71F,0x39EA,0x3A12,
  0x3A12,0x3A12,0x3186,0xF81F,0xF81F,0x31AA,0x3A12,0x3A12,0x31F0,0x39EA,0xB71F,0xF81F,0xF81F,0xF81F,0xF81F,0xF81F,
  0xF81F,0xF81F,0xF81F,0xF81F,0xF81F,0xF81F,0x3186,0x3186,0x3186,0x3186,0x39C7,0xF81F,0xF81F,0x3186,0x3186,0x3186,
  0x3186,0x3186,0xF81F,0xF81F,0xF81F,0xF81F,0xF81F,0xF81F,0xF81F,0xF81F,0xF81F,0xF81F,0xF81F,0xF81F,0x2945,0x3186,
  0x31A6,0x3186,0xF81F,0xF81F,0xF81F,0x2945,0x3186,0x31A6,0x3186,0x3186,0xF81F,0xF81F,0xF81F,0xF81F,0xF81F,0xF81F,
  0xF81F,0xF81F,0xF81F,0xF81F,0xF81F,0xF81F,0xF81F,0xF81F,0xF81F,0xF81F,0xF81F,0xF81F,0xF81F,0xF81F,0xF81F,0xF81F,
  0xF81F,0xF81F,0xF81F,0xF81F,0xF81F,0xF81F,0xF81F,0xF81F,0xF81F,0xF81F,0xF81F,0xF81F,0xF81F,0xF81F,0xF81F,0xF81F,
  0xF81F,0xF81F,0xF81F,0xF81F,0xF81F,0xF81F,0xF81F,0xF81F,0xF81F,0xF81F,0xF81F,0xF81F,0xF81F,0xF81F,0xF81F,0xF81F,
  0xF81F,0xF81F,0xF81F,0xF81F,0xF81F,0xF81F,0xF81F,0xF81F,0xF81F,0xF81F,0xF81F,0xF81F,0xF81F,0xF81F,0xF81F,0xF81F,
  0xF81F,0xF81F,0xF81F,0xF81F,0xF81F,0xF81F,0xF81F,0xF81F,0xF81F,0xF81F,0xF81F,0xF81F,0xF81F,0xF81F,0xF81F,0xF81F,
  0xF81F,0xF81F,0xF81F,0xF81F,0xF81F,0xF81F,0xF81F,0xF81F,0xF81F,0xF81F,0xF81F,0xF81F,0xF81F,0xF81F,0xF81F,0xF81F,
  0xF81F,0xF81F,0xF81F,0xF81F,0xF81F,0xF81F,0xF81F,0x6564,0x6584,0x6585,0x6585,0x6585,0x6585,0x6585,0x6584,0x6585,
  0x8F11,0xF81F,0xF81F,0xF81F,0xF81F,0xF81F,0xF81F,0xF81F,0xF81F,0xF81F,0xF81F,0xF81F,0xF81F,0x6585,0x6584,0x6585,
  0x6585,0x6585,0x6585,0x6585,0x6585,0x6585,0x6585,0x6585,0x6585,0x6585,0x65A4,0xF81F,0xF81F,0xF81F,0xF81F,0xF81F,
  0xF81F,0xF81F,0xF81F,0xF81F,0xF81F,0x6585,0x6585,0x6585,0x6585,0x6585,0x6585,0x6585,0x6585,0x6585,0x6585,0x6585,
  0x6585,0x6585,0x6585,0xF81F,0xF81F,0xF81F,0xF81F,0xF81F,0xF81F,0xF81F,0xF81F,0xF81F,0xF81F,0x6585,0x6585,0x6585,
  0x6585,0x6585,0x6585,0x6585,0x6585,0x6585,0x6585,0x6585,0x6585,0x6585,0x6585,0xF81F,0xF81F,0xF81F,0xF81F,0xF81F,
  0xF81F,0xF81F,0xF81F,0xF81F,0xF81F,0x6585,0x6585,0x6585,0x6585,0x6585,0x6585,0x6585,0x6585,0x6585,0x6585,0x6585,
  0x6585,0x6585,0x6585,0xF81F,0xF81F,0xF81F,0xF81F,0xF81F,0xF81F,0xF81F,0xF81F,0xF81F,0xF81F,0x5D24,0x5D24,0x5D24,
  0x5D24,0x5D24,0x3A6D,0x3A6D,0x3A6D,0x4C27,0x5D24,0x5D24,0x5D24,0x5D24,0x5D24,0xF81F,0xF81F,0xF81F,0xF81F,0xF81F,
  0xF81F,0xF81F,0xF81F,0xF81F,0xF81F,0x5D24,0x5D24,0x5D24,0x5D24,0x5D24,0x4BA9,0x4BA9,0x4BA9,0x54A6,0x5D24,0x5D24,
  0x5D24,0x5D24,0x5D24,0xF81F,0xF81F,0xF81F,0xF81F,0xF81F,0xF81F,0xF81F,0xF81F,0xF81F,0xF81F,0x4BA9,0x4BC8,0x4BE8,
  0x4BE8,0x4BE8,0x4BE8,0x4BE8,0x4BE8,0x4BE8,0x4BE8,0x4BE8,0x4BE8,0x4BC8,0x4389,0xF81F,0xF81F,0xF81F,0xF81F,0xF81F,
  0xF81F,0xF81F,0xF81F,0xF81F,0x95FA,0x6C34,0x3A6D,0x3A6D,0x3A6D,0x3A6D,0x3A6D,0x3A6D,0x3A6D,0x3A6D,0x3A6D,0x3A6D,
  0x3A6D,0x3A6D,0x6434,0x95FB,0xF81F,0xF81F,0xF81F,0xF81F,0xF81F,0xF81F,0xF81F,0xF81F,0x95FA,0x6C54,0x3A6D,0x3A6D,
  0x3A6D,0x3A6D,0x3A6D,0x3A6D,0x3A6D,0x3A6D,0x3A6D,0x3A6D,0x3A6D,0x3A6D,0x6C54,0x95FA,0xF81F,0xF81F,0xF81F,0xF81F,
  0xF81F,0xF81F,0xF81F,0xF81F,0x95FA,0x8D99,0x6C75,0x3A6D,0x3A6D,0x3A6D,0x3A6D,0x3A6D,0x3A6D,0x3A6D,0x3A6D,0x3A6D,
  0x5350,0x6C75,0x8D99,0x95FA,0xF81F,0xF81F,0xF81F,0xF81F,0xF81F,0xF81F,0xF81F,0xF81F,0xF81F,0xB71F,0xB71F,0xB71F,
  0xB71F,0xB71F,0xB71F,0xB71F,0xB71F,0xB71F,0xB71F,0xB71F,0xB71F,0xB71F,0xAF1F,0xF81F,0xF81F,0xF81F,0xF81F,0xF81F,
  0xF81F,0xF81F,0xF81F,0xF81F,0xF81F,0x7645,0x9659,0xB71F,0xB71F,0xB71F,0xB71F,0xB71F,0xB71F,0xB71F,0xB71F,0xB71F,
  0xB71F,0x9E3D,0x6E46,0xF81F,0xF81F,0xF81F,0xF81F,0xF81F,0xF81F,0xF81F,0xF81F,0xF81F,0x7665,0x7665,0x6E07,0x4B1D,
  0x4B1D,0x64B3,0x760C,0x760C,0x760C,0x760C,0x64B3,0x4B1D,0x42DD,0x42FA,0x7646,0xF81F,0xF81F,0xF81F,0xF81F,0xF81F,
  0xF81F,0xF81F,0xF81F,0xF81F,0x8EAF,0xB71F,0xB71F,0xAEDF,0x3A7C,0x3A7C,0x3A7C,0x3A7C,0x3A7C,0x3A7C,0x3A7C,0x3A7C,
  0x3A7C,0x3A7C,0x8D9E,0xF81F,0xF81F,0xF81F,0xF81F,0xF81F,0xF81F,0xF81F,0xF81F,0xF81F,0xAF1F,0xB71F,0xB71F,0xAEDF,
  0x3239,0x3219,0x3A7C,0x3A7C,0x3A7C,0x3A7C,0x3219,0x3219,0x4B1C,0x3A7C,0x8D9E,0xF81F,0xF81F,0xF81F,0xF81F,0xF81F,
  0xF81F,0xF81F,0xF81F,0xF81F,0xB71F,0xB71F,0xB71F,0x851D,0x3219,0x3219,0x3A7C,0x3A7C,0x3A7C,0x3A7C,0x3215,0x31F1,
  0x429A,0x3A7C,0x95DF,0xF81F,0xF81F,0xF81F,0xF81F,0xF81F,0xF81F,0xF81F,0xF81F,0xF81F,0xF81F,0xB71F,0x6C13,0x3A12,
  0x3A12,0x3A12,0x3186,0xF81F,0xF81F,0x3186,0x3186,0x3186,0x3186,0x39E8,0xB71F,0xF81F,0xF81F,0xF81F,0xF81F,0xF81F,
  0xF81F,0xF81F,0xF81F,0xF81F,0xF81F,0xF81F,0x3186,0x3186,0x3186,0x3186,0x39C7,0xF81F,0xF81F,0x3186,0x3186,0x3186,
  0x3186,0x3186,0xF81F,0xF81F,0xF81F,0xF81F,0xF81F,0xF81F,0xF81F,0xF81F,0xF81F,0xF81F,0xF81F,0xF81F,0x2945,0x3186,
  0x31A6,0x3186,0xF81F,0xF81F,0xF81F,0x2945,0x3186,0x31A6,0x3186,0x3186,0xF81F,0xF81F,0xF81F,0xF81F,0xF81F,0xF81F,
  0xF81F,0xF81F,0xF81F,0xF81F,0xF81F,0xF81F,0xF81F,0xF81F,0xF81F,0xF81F,0xF81F,0xF81F,0xF81F,0xF81F,0xF81F,0xF81F,
  0xF81F,0xF81F,0xF81F,0xF81F,0xF81F,0xF81F,0xF81F,0xF81F,0xF81F,0xF81F,0xF81F,0xF81F,0xF81F,0xF81F,0xF81F,0xF81F,
  0xF81F,0xF81F,0xF81F,0xF81F,0xF81F,0xF81F,0xF81F,0xF81F,0xF81F,0xF81F,0xF81F,0xF81F,0xF81F,0xF81F,0xF81F,0xF81F,
  0xF81F,0xF81F,0xF81F,0xF81F,0xF81F,0xF81F,0xF81F,0xF81F,0xF81F,0xF81F,0xF81F,0xF81F,0xF81F,0xF81F,0xF81F,0xF81F,
  0xF81F,0xF81F,0xF81F,0xF81F,0xF81F,0xF81F,0xF81F,0xF81F,0xF81F,0xF81F,0xF81F,0xF81F,0xF81F,0xF81F,0xF81F,0xF81F,
  0xF81F,0xF81F,0xF81F,0xF81F,0xF81F,0xF81F,0xF81F,0xF81F,0xF81F,0xF81F,0xF81F,0xF81F,0xF81F,0xF81F,0xF81F,0xF81F,
  0xF81F,0xF81F,0xF81F,0xF81F,0xF81F,0xF81F,0xF81F,0x6564,0x6584,0x6585,0x6585,0x6585,0x6585,0x6585,0x6584,0x6585,
  0x8F11,0xF81F,0xF81F,0xF81F,0xF81F,0xF81F,0xF81F,0xF81F,0xF81F,0xF81F,0xF81F,0xF81F,0xF81F,0x6585,0x6584,0x6585,
  0x6585,0x6585,0x6585,0x6585,0x6585,0x6585,0x6585,0x6585,0x6585,0x6585,0x65A4,0xF81F,0xF81F,0xF81F,0xF81F,0xF81F,
  0xF81F,0xF81F,0xF81F,0xF81F,0xF81F,0x6585,0x6585,0x6585,0x6585,0x6585,0x8E2B,0xA690,0xA690,0x6585,0x6585,0x6585,
  0x6585,0x6585,0x6585,0xF81F,0xF81F,0xF81F,0xF81F,0xF81F,0xF81F,0xF81F,0xF81F,0xF81F,0xF81F,0x6585,0x6585,0x6585,
  0x6585,0x6DA6,0xFFFF,0xFFFF,0xFFFF,0xD758,0x6DA6,0x6585,0x6585,0x6585,0x6585,0xF81F,0xF81F,0xF81F,0xF81F,0xF81F,
  0xF81F,0xF81F,0xF81F,0xF81F,0xF81F,0x6585,0x6585,0x6585,0x6585,0xCF36,0xFFFF,0xFFFF,0xFFFF,0xFFFF,0xC715,0x6585,
  0x6585,0x6585,0x6585,0xF81F,0xF81F,0xF81F,0xF81F,0xF81F,0xF81F,0xF81F,0xF81F,0xF81F,0xF81F,0x6E45,0x7665,0x7665,
  0x7665,0x7665,0x7665,0x7665,0x7665,0x7665,0x7665,0x7665,0x7665,0x7665,0x6E45,0xF81F,0xF81F,0xF81F,0xF81F,0xF81F,
  0xF81F,0xF81F,0xF81F,0xF81F,0xF81F,0x7645,0x7665,0x7665,0x7665,0x7665,0x7665,0x7665,0x7665,0x7665,0x7665,0x7665,
  0x7665,0x7665,0x7645,0xF81F,0xF81F,0xF81F,0xF81F,0xF81F,0xF81F,0xF81F,0xF81F,0xF81F,0xF81F,0x542A,0x5469,0x8EB2,
  0x8EB2,0x8EB2,0x8EB2,0x8EB2,0x8EB2,0x8EB2,0x8EB2,0x8EB2,0x8EB1,0x64EA,0x5409,0xF81F,0xF81F,0xF81F,0xF81F,0xF81F,
  0xF81F,0xF81F,0xF81F,0xF81F,0x95FA,0x8DBA,0xB6FF,0x8538,0x3A6D,0x8538,0xB71F,0xB71F,0xB71F,0xB71F,0x8538,0x3A6D,
  0xB71F,0xB71F,0x95FB,0x95FB,0xF81F,0xF81F,0xF81F,0xF81F,0xF81F,0xF81F,0xF81F,0xF81F,0x95FA,0x9E5C,0xB71F,0x8538,
  0x3A6D,0x8538,0xB71F,0xA6BE,0xA69E,0xB71F,0x8538,0x3A6D,0xB71F,0xB71F,0xA67D,0x95FA,0xF81F,0xF81F,0xF81F,0xF81F,
  0xF81F,0xF81F,0xF81F,0xF81F,0x95FA,0x9E3C,0xB71F,0xAEDF,0x7D18,0xAEDF,0x95DB,0x95FA,0x95FA,0xB6FF,0xAEDF,0x7D18,
  0xB71F,0xB71F,0x9E5C,0x95FA,0xF81F,0xF81F,0xF81F,0xF81F,0xF81F,0xF81F,0xF81F,0xF81F,0xF81F,0xB71F,0xB71F,0xB71F,
  0xB71F,0x8558,0x3A6D,0x3A6D,0x3A6D,0x3A6D,0x8538,0xB71F,0xB71F,0xB71F,0xAF1F,0xF81F,0xF81F,0xF81F,0xF81F,0xF81F,
  0xF81F,0xF81F,0xF81F,0xF81F,0xF81F,0x7645,0x9659,0xB71F,0xB71F,0xB6FF,0x8579,0x7CF7,0x7CF7,0x9E1B,0xB6FF,0xB71F,
  0xB71F,0x9639,0x6E46,0xF81F,0xF81F,0xF81F,0xF81F,0xF81F,0xF81F,0xF81F,0xF81F,0xF81F,0x7665,0x7665,0x6E07,0x4B1D,
  0x4B1D,0x64B3,0x760C,0x760C,0x760C,0x760C,0x64B3,0x4B1D,0x4B79,0x6E07,0x7665,0xF81F,0xF81F,0xF81F,0xF81F,0xF81F,
  0xF81F,0xF81F,0xF81F,0xF81F,0x7E69,0xB71F,0xB71F,0xAEDF,0x3A7C,0x3A7C,0x3A7C,0x3A7C,0x3A7C,0x3A7C,0x3A7C,0x3A7C,
  0xB71F,0xB71F,0xB6FF,0xF81F,0xF81F,0xF81F,0xF81F,0xF81F,0xF81F,0xF81F,0xF81F,0xF81F,0xAEFD,0xB71F,0xB71F,0xAEDF,
  0x3A7C,0x3A7C,0x323A,0x3219,0x3219,0x3A5C,0x3A7C,0x3A7C,0xB71F,0xB71F,0xB71F,0xF81F,0xF81F,0xF81F,0xF81F,0xF81F,
  0xF81F,0xF81F,0xF81F,0xF81F,0xB71F,0xB71F,0xB71F,0x853E,0x3A7C,0x3A5C,0x3219,0x3219,0x3219,0x3219,0x3A5C,0x3A7C,
  0xB71F,0xB71F,0xB71F,0xF81F,0xF81F,0xF81F,0xF81F,0xF81F,0xF81F,0xF81F,0xF81F,0xF81F,0xF81F,0xB71F,0x6C13,0x3A12,
  0x3A12,0x31CF,0x3186,0xF81F,0xF81F,0x31A9,0x31EF,0x3A12,0x3A31,0x6C13,0xB71F,0xF81F,0xF81F,0xF81F,0xF81F,0xF81F,
  0xF81F,0xF81F,0xF81F,0xF81F,0xF81F,0xF81F,0x3186,0x3186,0x3186,0x3186,0x39C7,0xF81F,0xF81F,0x3186,0x3186,0x3186,
  0x3186,0x3186,0xF81F,0xF81F,0xF81F,0xF81F,0xF81F,0xF81F,0xF81F,0xF81F,0xF81F,0xF81F,0xF81F,0xF81F,0x2945,0x3186,
  0x31A6,0x3186,0xF81F,0xF81F,0xF81F,0x2945,0x3186,0x31A6,0x3186,0x3186,0xF81F,0xF81F,0xF81F,0xF81F,0xF81F,0xF81F,
  0xF81F,0xF81F,0xF81F,0xF81F,0xF81F,0xF81F,0xF81F,0xF81F,0xF81F,0xF81F,0xF81F,0xF81F,0xF81F,0xF81F,0xF81F,0xF81F,
  0xF81F,0xF81F,0xF81F,0xF81F,0xF81F,0xF81F,0xF81F,0xF81F,0xF81F,0xF81F,0xF81F,0xF81F,0xF81F,0xF81F,0xF81F,0xF81F,
  0xF81F,0xF81F,0xF81F,0xF81F,0xF81F,0xF81F,0xF81F,0xF81F,0xF81F,0xF81F,0xF81F,0xF81F,0xF81F,0xF81F,0xF81F,0xF81F,
  0xF81F,0xF81F,0xF81F,0xF81F,0xF81F,0xF81F,0xF81F,0xF81F,0xF81F,0xF81F,0xF81F,0xF81F,0xF81F,0xF81F,0xF81F,0xF81F,
  0xF81F,0xF81F,0xF81F,0xF81F,0xF81F,0xF81F,0xF81F,0xF81F,0xF81F,0xF81F,0xF81F,0xF81F,0xF81F,0xF81F,0xF81F,0xF81F,
  0xF81F,0xF81F,0xF81F,0xF81F,0xF81F,0xF81F,0xF81F,0xF81F,0xF81F,0xF81F,0xF81F,0xF81F,0xF81F,0xF81F,0xF81F,0xF81F,
  0xF81F,0xF81F,0xF81F,0xF81F,0xF81F,0xF81F,0xF81F,0x6564,0x6584,0x6585,0x6585,0x6585,0x6585,0x6585,0x6584,0x6585,
  0x8F11,0xF81F,0xF81F,0xF81F,0xF81F,0xF81F,0xF81F,0xF81F,0xF81F,0xF81F,0xF81F,0xF81F,0xF81F,0x6585,0x6584,0x6585,
  0x6585,0x6585,0x6585,0x6585,0x6585,0x6585,0x6585,0x6585,0x6585,0x6585,0x65A4,0xF81F,0xF81F,0xF81F,0xF81F,0xF81F,
  0xF81F,0xF81F,0xF81F,0xF81F,0xF81F,0x6585,0x6585,0x6585,0x6585,0x6585,0x8E2B,0xA690,0xA690,0x6585,0x6585,0x6585,
  0x6585,0x6585,0x6585,0xF81F,0xF81F,0xF81F,0xF81F,0xF81F,0xF81F,0xF81F,0xF81F,0xF81F,0xF81F,0x6585,0x6585,0x6585,
  0x6585,0x6DA6,0xFFFF,0xFFFF,0xFFFF,0xD758,0x6DA6,0x6585,0x6585,0x6585,0x6585,0xF81F,0xF81F,0xF81F,0xF81F,0xF81F,
  0xF81F,0xF81F,0xF81F,0xF81F,0xF81F,0x6585,0x6585,0x6585,0x6585,0xCF36,0xFFFF,0xFFFF,0xFFFF,0xFFFF,0xC715,0x6585,
  0x6585,0x6585,0x6585,0xF81F,0xF81F,0xF81F,0xF81F,0xF81F,0xF81F,0xF81F,0xF81F,0xF81F,0xF81F,0x6E45,0x7665,0x7665,
  0x7665,0x7665,0x7665,0x7665,0x7665,0x7665,0x7665,0x7665,0x7665,0x7665,0x6E45,0xF81F,0xF81F,0xF81F,0xF81F,0xF81F,
  0xF81F,0xF81F,0xF81F,0xF81F,0xF81F,0x7645,0x7665,0x7665,0x7665,0x7665,0x7665,0x7665,0x7665,0x7665,0x7665,0x7665,
  0x7665,0x7665,0x7645,0xF81F,0xF81F,0xF81F,0xF81F,0xF81F,0xF81F,0xF81F,0xF81F,0xF81F,0xF81F,0x542A,0x5469,0x8EB2,
  0x8EB2,0x8EB2,0x8EB2,0x8EB2,0x8EB2,0x8EB2,0x8EB2,0x8EB2,0x8EB1,0x64EA,0x5409,0xF81F,0xF81F,0xF81F,0xF81F,0xF81F,
  0xF81F,0xF81F,0xF81F,0xF81F,0x95FA,0x8DBA,0xB6FF,0x8538,0x3A6D,0x8538,0xB71F,0xB71F,0xB71F,0xB71F,0x8538,0x3A6D,
  0xB71F,0xB71F,0x95FB,0x95FB,0xF81F,0xF81F,0xF81F,0xF81F,0xF81F,0xF81F,0xF81F,0xF81F,0x95FA,0x9E5C,0xB71F,0x8538,
  0x3A6D,0x8538,0xB71F,0xA6BE,0xA69E,0xB71F,0x8538,0x3A6D,0xB71F,0xB71F,0xA67D,0x95FA,0xF81F,0xF81F,0xF81F,0xF81F,
  0xF81F,0xF81F,0xF81F,0xF81F,0x95FA,0x9E3C,0xB71F,0xAEDF,0x7D18,0xAEDF,0x95DB,0x95FA,0x95FA,0xB6FF,0xAEDF,0x7D18,
  0xB71F,0xB71F,0x9E5C,0x95FA,0xF81F,0xF81F,0xF81F,0xF81F,0xF81F,0xF81F,0xF81F,0xF81F,0xF81F,0xB71F,0xB71F,0xB71F,
  0xB71F,0x8558,0x3A6D,0x3A6D,0x3A6D,0x3A6D,0x8538,0xB71F,0xB71F,0xB71F,0xAF1F,0xF81F,0xF81F,0xF81F,0xF81F,0xF81F,
  0xF81F,0xF81F,0xF81F,0xF81F,0xF81F,0x7645,0x9E3D,0xB71F,0xB71F,0xB6FF,0x8579,0x7CF7,0x7CF7,0x9E1B,0xB6FF,0xB71F,
  0xB71F,0x9639,0x6E46,0xF81F,0xF81F,0xF81F,0xF81F,0xF81F,0xF81F,0xF81F,0xF81F,0xF81F,0x7665,0x7665,0x4318,0x4B1D,
  0x4B1D,0x64B3,0x760C,0x760C,0x760C,0x760C,0x64B3,0x4B1D,0x4B79,0x6E07,0x7665,0xF81F,0xF81F,0xF81F,0xF81F,0xF81F,
  0xF81F,0xF81F,0xF81F,0xF81F,0x8EAF,0x95DF,0x3A7C,0x3A7C,0x3A7C,0x3A7C,0x3A7C,0x3A7C,0x3A7C,0x3A7C,0x3A7C,0x3A7C,
  0xB71F,0xB71F,0xB6FF,0xF81F,0xF81F,0xF81F,0xF81F,0xF81F,0xF81F,0xF81F,0xF81F,0xF81F,0xAF1F,0x95DF,0x3A7C,0x3A7C,
  0x3A7C,0x3A7C,0x3A3B,0x3239,0x3239,0x3A7C,0x3A7C,0x3A7C,0xB71F,0xB71F,0xB71F,0xF81F,0xF81F,0xF81F,0xF81F,0xF81F,
  0xF81F,0xF81F,0xF81F,0xF81F,0xB71F,0x9E1F,0x3A7C,0x3A13,0x3A13,0x3A38,0x3219,0x3219,0x3219,0x323A,0x3A5C,0x3A7C,
  0xB71F,0xB71F,0xB71F,0xF81F,0xF81F,0xF81F,0xF81F,0xF81F,0xF81F,0xF81F,0xF81F,0xF81F,0xF81F,0xB71F,0x39E7,0x3186,
  0x3186,0x3186,0x3186,0xF81F,0xF81F,0x31A9,0x31EF,0x3A12,0x3A31,0x6C13,0xB71F,0xF81F,0xF81F,0xF81F,0xF81F,0xF81F,
  0xF81F,0xF81F,0xF81F,0xF81F,0xF81F,0xF81F,0x3186,0x3186,0x3186,0x3186,0x39C7,0xF81F,0xF81F,0x3186,0x3186,0x3186,
  0x3186,0x3186,0xF81F,0xF81F,0xF81F,0xF81F,0xF81F,0xF81F,0xF81F,0xF81F,0xF81F,0xF81F,0xF81F,0xF81F,0x2945,0x3186,
  0x31A6,0x3186,0xF81F,0xF81F,0xF81F,0x2945,0x3186,0x31A6,0x3186,0x3186,0xF81F,0xF81F,0xF81F,0xF81F,0xF81F,0xF81F,
  0xF81F,0xF81F,0xF81F,0xF81F,0xF81F,0xF81F,0xF81F,0xF81F,0xF81F,0xF81F,0xF81F,0xF81F,0xF81F,0xF81F,0xF81F,0xF81F,
  0xF81F,0xF81F,0xF81F,0xF81F,0xF81F,0xF81F,0xF81F,0xF81F,0xF81F,0xF81F,0xF81F,0xF81F,0xF81F,0xF81F,0xF81F,0xF81F,
  0xF81F,0xF81F,0xF81F,0xF81F,0xF81F,0xF81F,0xF81F,0xF81F,0xF81F,0xF81F,0xF81F,0xF81F,0xF81F,0xF81F,0xF81F,0xF81F,
  0xF81F,0xF81F,0xF81F,0xF81F,0xF81F,0xF81F,0xF81F,0xF81F,0xF81F,0xF81F,0xF81F,0xF81F,0xF81F,0xF81F,0xF81F,0xF81F,
  0xF81F,0xF81F,0xF81F,0xF81F,0xF81F,0xF81F,0xF81F,0xF81F,0xF81F,0xF81F,0xF81F,0xF81F,0xF81F,0xF81F,0xF81F,0xF81F,
  0xF81F,0xF81F,0xF81F,0xF81F,0xF81F,0xF81F,0xF81F,0xF81F,0xF81F,0xF81F,0xF81F,0xF81F,0xF81F,0xF81F,0xF81F,0xF81F,
  0xF81F,0xF81F,0xF81F,0xF81F,0xF81F,0xF81F,0xF81F,0x6564,0x6584,0x6585,0x6585,0x6585,0x6585,0x6585,0x6584,0x6585,
  0x8F11,0xF81F,0xF81F,0xF81F,0xF81F,0xF81F,0xF81F,0xF81F,0xF81F,0xF81F,0xF81F,0xF81F,0xF81F,0x6585,0x6584,0x6585,
  0x6585,0x6585,0x6585,0x6585,0x6585,0x6585,0x6585,0x6585,0x6585,0x6585,0x65A4,0xF81F,0xF81F,0xF81F,0xF81F,0xF81F,
  0xF81F,0xF81F,0xF81F,0xF81F,0xF81F,0x6585,0x6585,0x6585,0x6585,0x6585,0x8E2B,0xA690,0xA690,0x6585,0x6585,0x6585,
  0x6585,0x6585,0x6585,0xF81F,0xF81F,0xF81F,0xF81F,0xF81F,0xF81F,0xF81F,0xF81F,0xF81F,0xF81F,0x6585,0x6585,0x6585,
  0x6585,0x6DA6,0xFFFF,0xFFFF,0xFFFF,0xD758,0x6DA6,0x6585,0x6585,0x6585,0x6585,0xF81F,0xF81F,0xF81F,0xF81F,0xF81F,
  0xF81F,0xF81F,0xF81F,0xF81F,0xF81F,0x6585,0x6585,0x6585,0x6585,0xCF36,0xFFFF,0xFFFF,0xFFFF,0xFFFF,0xC715,0x6585,
  0x6585,0x6585,0x6585,0xF81F,0xF81F,0xF81F,0xF81F,0xF81F,0xF81F,0xF81F,0xF81F,0xF81F,0xF81F,0x6E45,0x7665,0x7665,
  0x7665,0x7665,0x7665,0x7665,0x7665,0x7665,0x7665,0x7665,0x7665,0x7665,0x6E45,0xF81F,0xF81F,0xF81F,0xF81F,0xF81F,
  0xF81F,0xF81F,0xF81F,0xF81F,0xF81F,0x7645,0x7665,0x7665,0x7665,0x7665,0x7665,0x7665,0x7665,0x7665,0x7665,0x7665,
  0x7665,0x7665,0x7645,0xF81F,0xF81F,0xF81F,0xF81F,0xF81F,0xF81F,0xF81F,0xF81F,0xF81F,0xF81F,0x542A,0x5469,0x8EB2,
  0x8EB2,0x8EB2,0x8EB2,0x8EB2,0x8EB2,0x8EB2,0x8EB2,0x8EB2,0x8EB1,0x64EA,0x5409,0xF81F,0xF81F,0xF81F,0xF81F,0xF81F,
  0xF81F,0xF81F,0xF81F,0xF81F,0x95FA,0x8DBA,0xB6FF,0x8538,0x3A6D,0x8538,0xB71F,0xB71F,0xB71F,0xB71F,0x8538,0x3A6D,
  0xB71F,0xB71F,0x95FB,0x95FB,0xF81F,0xF81F,0xF81F,0xF81F,0xF81F,0xF81F,0xF81F,0xF81F,0x95FA,0x9E5C,0xB71F,0x8538,
  0x3A6D,0x8538,0xB71F,0xA6BE,0xA69E,0xB71F,0x8538,0x3A6D,0xB71F,0xB71F,0xA67D,0x95FA,0xF81F,0xF81F,0xF81F,0xF81F,
  0xF81F,0xF81F,0xF81F,0xF81F,0x95FA,0x9E3C,0xB71F,0xAEDF,0x7D18,0xAEDF,0x95DB,0x95FA,0x95FA,0xB6FF,0xAEDF,0x7D18,
  0xB71F,0xB71F,0x9E5C,0x95FA,0xF81F,0xF81F,0xF81F,0xF81F,0xF81F,0xF81F,0xF81F,0xF81F,0xF81F,0xB71F,0xB71F,0xB71F,
  0xB71F,0x8558,0x3A6D,0x3A6D,0x3A6D,0x3A6D,0x8538,0xB71F,0xB71F,0xB71F,0xAF1F,0xF81F,0xF81F,0xF81F,0xF81F,0xF81F,
  0xF81F,0xF81F,0xF81F,0xF81F,0xF81F,0x7645,0x9659,0xB71F,0xB71F,0xB6FF,0x8579,0x7CF7,0x7CF7,0x9E1B,0xB6FF,0xB71F,
  0xB71F,0x9639,0x6E46,0xF81F,0xF81F,0xF81F,0xF81F,0xF81F,0xF81F,0xF81F,0xF81F,0xF81F,0x7665,0x7665,0x6E07,0x4B1D,
  0x4B1D,0x64B3,0x760C,0x760C,0x760C,0x760C,0x64B3,0x4B1D,0x4B79,0x6E07,0x7665,0xF81F,0xF81F,0xF81F,0xF81F,0xF81F,
  0xF81F,0xF81F,0xF81F,0xF81F,0x7E69,0xB71F,0xB71F,0xAEDF,0x3A7C,0x3A7C,0x3A7C,0x3A7C,0x3A7C,0x3A7C,0x3A7C,0x3A7C,
  0xB71F,0xB71F,0xB6FF,0xF81F,0xF81F,0xF81F,0xF81F,0xF81F,0xF81F,0xF81F,0xF81F,0xF81F,0xAEFD,0xB71F,0xB71F,0xAEDF,
  0x3A7C,0x3A7C,0x323A,0x3219,0x3219,0x3A5C,0x3A7C,0x3A7C,0xB71F,0xB71F,0xB71F,0xF81F,0xF81F,0xF81F,0xF81F,0xF81F,
  0xF81F,0xF81F,0xF81F,0xF81F,0xB71F,0xB71F,0xB71F,0x853E,0x3A7C,0x3A5C,0x3219,0x3219,0x3219,0x3219,0x3A5C,0x3A7C,
  0xB71F,0xB71F,0xB71F,0xF81F,0xF81F,0xF81F,0xF81F,0xF81F,0xF81F,0xF81F,0xF81F,0xF81F,0xF81F,0xB71F,0x6C13,0x3A12,
  0x3A12,0x31CF,0x3186,0xF81F,0xF81F,0x31A9,0x31EF,0x3A12,0x3A31,0x6C13,0xB71F,0xF81F,0xF81F,0xF81F,0xF81F,0xF81F,
  0xF81F,0xF81F,0xF81F,0xF81F,0xF81F,0xF81F,0x3186,0x3186,0x3186,0x3186,0x39C7,0xF81F,0xF81F,0x3186,0x3186,0x3186,
  0x3186,0x3186,0xF81F,0xF81F,0xF81F,0xF81F,0xF81F,0xF81F,0xF81F,0xF81F,0xF81F,0xF81F,0xF81F,0xF81F,0x2945,0x3186,
  0x31A6,0x3186,0xF81F,0xF81F,0xF81F,0x2945,0x3186,0x31A6,0x3186,0x3186,0xF81F,0xF81F,0xF81F,0xF81F,0xF81F,0xF81F,
  0xF81F,0xF81F,0xF81F,0xF81F,0xF81F,0xF81F,0xF81F,0xF81F,0xF81F,0xF81F,0xF81F,0xF81F,0xF81F,0xF81F,0xF81F,0xF81F,
  0xF81F,0xF81F,0xF81F,0xF81F,0xF81F,0xF81F,0xF81F,0xF81F,0xF81F,0xF81F,0xF81F,0xF81F,0xF81F,0xF81F,0xF81F,0xF81F,
  0xF81F,0xF81F,0xF81F,0xF81F,0xF81F,0xF81F,0xF81F,0xF81F,0xF81F,0xF81F,0xF81F,0xF81F,0xF81F,0xF81F,0xF81F,0xF81F,
  0xF81F,0xF81F,0xF81F,0xF81F,0xF81F,0xF81F,0xF81F,0xF81F,0xF81F,0xF81F,0xF81F,0xF81F,0xF81F,0xF81F,0xF81F,0xF81F,
  0xF81F,0xF81F,0xF81F,0xF81F,0xF81F,0xF81F,0xF81F,0xF81F,0xF81F,0xF81F,0xF81F,0xF81F,0xF81F,0xF81F,0xF81F,0xF81F,
  0xF81F,0xF81F,0xF81F,0xF81F,0xF81F,0xF81F,0xF81F,0xF81F,0xF81F,0xF81F,0xF81F,0xF81F,0xF81F,0xF81F,0xF81F,0xF81F,
  0xF81F,0xF81F,0xF81F,0xF81F,0xF81F,0xF81F,0xF81F,0x6564,0x6584,0x6585,0x6585,0x6585,0x6585,0x6585,0x6584,0x6585,
  0x8F11,0xF81F,0xF81F,0xF81F,0xF81F,0xF81F,0xF81F,0xF81F,0xF81F,0xF81F,0xF81F,0xF81F,0xF81F,0x6585,0x6584,0x6585,
  0x6585,0x6585,0x6585,0x6585,0x6585,0x6585,0x6585,0x6585,0x6585,0x6585,0x65A4,0xF81F,0xF81F,0xF81F,0xF81F,0xF81F,
  0xF81F,0xF81F,0xF81F,0xF81F,0xF81F,0x6585,0x6585,0x6585,0x6585,0x6585,0x8E2B,0xA690,0xA690,0x6585,0x6585,0x6585,
  0x6585,0x6585,0x6585,0xF81F,0xF81F,0xF81F,0xF81F,0xF81F,0xF81F,0xF81F,0xF81F,0xF81F,0xF81F,0x6585,0x6585,0x6585,
  0x6585,0x6DA6,0xFFFF,0xFFFF,0xFFFF,0xD758,0x6DA6,0x6585,0x6585,0x6585,0x6585,0xF81F,0xF81F,0xF81F,0xF81F,0xF81F,
  0xF81F,0xF81F,0xF81F,0xF81F,0xF81F,0x6585,0x6585,0x6585,0x6585,0xCF36,0xFFFF,0xFFFF,0xFFFF,0xFFFF,0xC715,0x6585,
  0x6585,0x6585,0x6585,0xF81F,0xF81F,0xF81F,0xF81F,0xF81F,0xF81F,0xF81F,0xF81F,0xF81F,0xF81F,0x6E45,0x7665,0x7665,
  0x7665,0x7665,0x7665,0x7665,0x7665,0x7665,0x7665,0x7665,0x7665,0x7665,0x6E45,0xF81F,0xF81F,0xF81F,0xF81F,0xF81F,
  0xF81F,0xF81F,0xF81F,0xF81F,0xF81F,0x7645,0x7665,0x7665,0x7665,0x7665,0x7665,0x7665,0x7665,0x7665,0x7665,0x7665,
  0x7665,0x7665,0x7645,0xF81F,0xF81F,0xF81F,0xF81F,0xF81F,0xF81F,0xF81F,0xF81F,0xF81F,0xF81F,0x542A,0x5469,0x8EB2,
  0x8EB2,0x8EB2,0x8EB2,0x8EB2,0x8EB2,0x8EB2,0x8EB2,0x8EB2,0x8EB1,0x64EA,0x5409,0xF81F,0xF81F,0xF81F,0xF81F,0xF81F,
  0xF81F,0xF81F,0xF81F,0xF81F,0x95FA,0x8DBA,0xB6FF,0x8538,0x3A6D,0x8538,0xB71F,0xB71F,0xB71F,0xB71F,0x8538,0x3A6D,
  0xB71F,0xB71F,0x95FB,0x95FB,0xF81F,0xF81F,0xF81F,0xF81F,0xF81F,0xF81F,0xF81F,0xF81F,0x95FA,0x9E5C,0xB71F,0x8538,
  0x3A6D,0x8538,0xB71F,0xA6BE,0xA69E,0xB71F,0x8538,0x3A6D,0xB71F,0xB71F,0xA67D,0x95FA,0xF81F,0xF81F,0xF81F,0xF81F,
  0xF81F,0xF81F,0xF81F,0xF81F,0x95FA,0x9E3C,0xB71F,0xAEDF,0x7D18,0xAEDF,0x95DB,0x95FA,0x95FA,0xB6FF,0xAEDF,0x7D18,
  0xB71F,0xB71F,0x9E5C,0x95FA,0xF81F,0xF81F,0xF81F,0xF81F,0xF81F,0xF81F,0xF81F,0xF81F,0xF81F,0xB71F,0xB71F,0xB71F,
  0xB71F,0x8558,0x3A6D,0x3A6D,0x3A6D,0x3A6D,0x8538,0xB71F,0xB71F,0xB71F,0xAF1F,0xF81F,0xF81F,0xF81F,0xF81F,0xF81F,
  0xF81F,0xF81F,0xF81F,0xF81F,0xF81F,0x7645,0x9659,0xB71F,0xB71F,0xB6FF,0x8579,0x7CF7,0x7CF7,0x9E1B,0xB6FF,0xB71F,
  0xB71F,0x9E3D,0x6E46,0xF81F,0xF81F,0xF81F,0xF81F,0xF81F,0xF81F,0xF81F,0xF81F,0xF81F,0x7665,0x7665,0x6E07,0x4B1D,
  0x4B1D,0x64B3,0x760C,0x760C,0x760C,0x760C,0x64B3,0x4B1D,0x42DD,0x42FA,0x7646,0xF81F,0xF81F,0xF81F,0xF81F,0xF81F,
  0xF81F,0xF81F,0xF81F,0xF81F,0x8EAF,0xB71F,0xB71F,0xAEDF,0x3A7C,0x3A7C,0x3A7C,0x3A7C,0x3A7C,0x3A7C,0x3A7C,0x3A7C,
  0x3A7C,0x3A7C,0x8D9E,0xF81F,0xF81F,0xF81F,0xF81F,0xF81F,0xF81F,0xF81F,0xF81F,0xF81F,0xAF1F,0xB71F,0xB71F,0xAEDF,
  0x3A7C,0x3A7C,0x3A3B,0x3239,0x3239,0x3A7C,0x3A7C,0x3A7C,0x3A7C,0x3A7C,0x8D9E,0xF81F,0xF81F,0xF81F,0xF81F,0xF81F,
  0xF81F,0xF81F,0xF81F,0xF81F,0xB71F,0xB71F,0xB71F,0x853E,0x3A7C,0x3A5C,0x3219,0x3219,0x3219,0x323A,0x3A38,0x3A13,
  0x3A5A,0x3A7C,0x95DF,0xF81F,0xF81F,0xF81F,0xF81F,0xF81F,0xF81F,0xF81F,0xF81F,0xF81F,0xF81F,0xB71F,0x6C13,0x3A12,
  0x3A12,0x31EF,0x3186,0xF81F,0xF81F,0x3186,0x3186,0x3186,0x3186,0x39E8,0xB71F,0xF81F,0xF81F,0xF81F,0xF81F,0xF81F,
  0xF81F,0xF81F,0xF81F,0xF81F,0xF81F,0xF81F,0x3186,0x3186,0x3186,0x3186,0x39C7,0xF81F,0xF81F,0x3186,0x3186,0x3186,
  0x3186,0x3186,0xF81F,0xF81F,0xF81F,0xF81F,0xF81F,0xF81F,0xF81F,0xF81F,0xF81F,0xF81F,0xF81F,0xF81F,0x2945,0x3186,
  0x31A6,0x3186,0xF81F,0xF81F,0xF81F,0x2945,0x3186,0x31A6,0x3186,0x3186,0xF81F,0xF81F,0xF81F,0xF81F,0xF81F,0xF81F,
  0xF81F,0xF81F,0xF81F,0xF81F,0xF81F,0xF81F,0xF81F,0xF81F,0xF81F,0xF81F,0xF81F,0xF81F,0xF81F,0xF81F,0xF81F,0xF81F,
  0xF81F,0xF81F,0xF81F,0xF81F,0xF81F,0xF81F,0xF81F,0xF81F,0xF81F,0xF81F,0xF81F,0xF81F,0xF81F,0xF81F,0xF81F,0xF81F,
  0xF81F,0xF81F,0xF81F,0xF81F,0xF81F,0xF81F,0xF81F,0xF81F,0xF81F,0xF81F,0xF81F,0xF81F,0xF81F,0xF81F,0xF81F,0xF81F,
};

const uint16_t TILES_16[5376] = {
  0x9CD0,0xA4F0,0x9CF0,0x946F,0x948F,0x9CAF,0x9CAF,0x9CAF,0x9CAF,0x948F,0x946E,0x948F,0x9CAF,0x9CAF,0x948F,0x8C6E,
  0xA4F0,0xA4F0,0xA4F0,0x9CF0,0x946E,0x94AF,0x9CAF,0x9CAF,0x94AF,0x8C6E,0x8C6E,0x948F,0x9CAF,0x9CAF,0x948F,0x94AF,
  0x9CD0,0xA4F0,0x9CF0,0x94AF,0x8C4E,0x946E,0x948F,0x948F,0x948F,0x9CD0,0x9CD0,0x948F,0x948F,0x948F,0x946E,0x8C6E,
  0x948F,0x9CF0,0x948F,0x946E,0x946E,0x8C6E,0x8C4E,0x8C4E,0x946F,0xA4F0,0xA4F0,0x948F,0x8C4E,0x8C6E,0x948F,0x948F,
  0x948F,0x8C6E,0x946E,0x948F,0x948F,0x8C6E,0x8C6E,0x948E,0x946E,0x948F,0x94AF,0x8C4E,0x946E,0x948F,0x9CAF,0x9CAF,
  0x9CAF,0x948F,0x946E,0x948F,0x948F,0x8C6E,0x948F,0x9CAF,0x9CAF,0x948F,0x8C4E,0x8C4E,0x948F,0x9CAF,0x9CAF,0x9CAF,
  0x9CAF,0x948F,0x8C6E,0x946E,0x8C6E,0x948F,0x9CAF,0x9CAF,0x9CAF,0x94AF,0x946E,0x944E,0x948F,0x9CAF,0x9CAF,0x9CAF,
  0x9CAF,0x948E,0x8C4E,0x8C6E,0x946E,0x9CAF,0x9CAF,0x9CAF,0x9CAF,0x9CAF,0x948F,0x8C4E,0x948F,0x9CAF,0x9CAF,0x9CAF,
  0x948F,0x8C4E,0x8C6E,0x8C6E,0x8C6E,0x948F,0x9CAF,0x9CAF,0x9CAF,0x9CAF,0x948F,0x8C4E,0x8C6E,0x948F,0x94AF,0x9CAF,
  0x8C4E,0x8C6E,0x948F,0x9CAF,0x948F,0x946E,0x948F,0x9CAF,0x9CAF,0x94AF,0x8C6E,0x94AF,0x9CCF,0x8C6E,0x946E,0x8C6E,
  0x8C6E,0x948F,0x9CAF,0x9CAF,0x94AF,0x8C6E,0x948F,0x948F,0x948F,0x8C6E,0x94AF,0xA4F0,0xA4F0,0xA4D0,0x8C6E,0x8C4E,
  0x8C4E,0x948F,0x94AF,0x9CAF,0x94AF,0x8C6E,0x8C4E,0x8C4E,0x8C4E,0x8C4E,0x9CD0,0xA4F0,0xA4F0,0xA4F0,0x94AF,0x8C6E,
  0x946E,0x8C4E,0x948F,0x948F,0x946E,0x8C6E,0x8C6E,0x8C6E,0x8C6E,0x8C4E,0x948F,0xA4F0,0xA4F0,0x9CD0,0x948F,0x9CAF,
  0x9CD0,0x8C4E,0x8C6E,0x8C4E,0x8C6E,0x946E,0x94AF,0x948F,0x948F,0x8C6E,0x8C6E,0x946E,0x948F,0x8C6E,0x9CD0,0xA4F0,
  0x9CAF,0x8C4E,0x8C6E,0x8C6E,0x946E,0x94AF,0x9CAF,0x9CAF,0x948F,0x946E,0x8C6E,0x8C4E,0x8C6E,0x946E,0x9CAF,0x9CF0,
  0x8C6E,0x9CAF,0x946E,0x8C4E,0x94AF,0x9CAF,0x9CAF,0x9CAF,0x9CAF,0x948F,0x8C6E,0x8C6E,0x948F,0x94AF,0x946F,0x946E,
  0x31A6,0x39E7,0x39E7,0x4228,0x4228,0x39E7,0x39E7,0x4208,0x4228,0x39E7,0x39E7,0x39E7,0x4228,0x4228,0x39C7,0x2965,
  0x39E7,0x4A49,0x4A49,0x4A49,0x528A,0x4A49,0x4A49,0x4A49,0x528A,0x4A49,0x4A49,0x4A49,0x4A69,0x4A69,0x4228,0x2965,
  0x4228,0x52AA,0x528A,0x52AA,0x52AA,0x528A,0x52AA,0x528A,0x52AA,0x528A,0x528A,0x528A,0x528A,0x528A,0x4A69,0x3186,
  0x4208,0x52AA,0x4A49,0x4A49,0x4A49,0x4A49,0x528A,0x4A49,0x4A49,0x4A49,0x528A,0x4A49,0x4A49,0x4A49,0x4228,0x3186,
  0x4208,0x52AA,0x528A,0x4A69,0x4A69,0x4A69,0x52AA,0x4A69,0x4A69,0x4A69,0x52AA,0x528A,0x4A69,0x4A69,0x4A69,0x3186,
  0x4208,0x4A69,0x4A69,0x52AA,0x528A,0x4A69,0x4A69,0x4A69,0x5ACB,0x4A69,0x4A69,0x4A69,0x52AA,0x52AA,0x4A49,0x3186,
  0x4208,0x4A49,0x4A49,0x4A69,0x528A,0x4A49,0x4A49,0x4A49,0x528A,0x4A49,0x4A49,0x4A49,0x528A,0x4A69,0x4228,0x3186,
  0x4A69,0x5ACB,0x5ACB,0x5ACB,0x5ACB,0x5ACB,0x5ACB,0x5ACB,0x5ACB,0x5ACB,0x5ACB,0x5ACB,0x5ACB,0x5ACB,0x52AA,0x3186,
  0x4208,0x52AA,0x4A69,0x4A49,0x4A49,0x4A49,0x52AA,0x4A49,0x4A49,0x4A49,0x528A,0x4A69,0x4A49,0x4A49,0x4A49,0x3186,
  0x4208,0x52AA,0x4A69,0x4A49,0x4A49,0x4A49,0x52AA,0x4A49,0x4A49,0x4A49,0x52AA,0x4A69,0x4A49,0x4A49,0x4A49,0x3186,
  0x4228,0x528A,0x528A,0x52AA,0x52AA,0x528A,0x528A,0x4A69,0x52AA,0x4A69,0x528A,0x528A,0x52AA,0x52AA,0x4A69,0x3186,
  0x4208,0x4A49,0x4A49,0x4A49,0x4A69,0x4A49,0x4A49,0x4A49,0x4A69,0x4A49,0x4A49,0x4A49,0x4A69,0x4A69,0x4228,0x3186,
  0x4228,0x528A,0x4A69,0x528A,0x528A,0x528A,0x528A,0x528A,0x52AA,0x4A69,0x528A,0x528A,0x52AA,0x528A,0x4A69,0x3186,
  0x39E7,0x52AA,0x4A69,0x4A49,0x4A49,0x4A49,0x52AA,0x4A49,0x4A49,0x4A49,0x52AA,0x4A69,0x4A49,0x4A49,0x4A49,0x3186,
  0x39C7,0x4A69,0x4228,0x4228,0x4228,0x4228,0x4A69,0x4228,0x4228,0x4228,0x4A69,0x4228,0x4228,0x4228,0x4208,0x3186,
  0x2965,0x2965,0x3186,0x2965,0x2965,0x2965,0x3186,0x2965,0x2965,0x2965,0x3186,0x3186,0x2965,0x2965,0x2965,0x2965,
  0x9CD0,0xA4F0,0xA4F0,0x94AF,0x9CD0,0x9CD0,0x9CAF,0x9CAF,0x9CAF,0x9CD0,0x9CAF,0x9CD0,0x9CD0,0x9CCF,0x9CAF,0x946E,
  0xA4F0,0xA4F0,0x52A9,0x5288,0x5288,0x5288,0x73AC,0x9CAF,0x9CAF,0x52A8,0x5288,0x5288,0x5288,0x5AA9,0x9CD0,0x9CAF,
  0xA4F0,0x52A8,0x630A,0x738B,0x6B6B,0x6B6B,0x840D,0x94AF,0x948F,0x7BCC,0x7BCC,0x738C,0x738B,0x4A68,0x7BAC,0x948F,
  0x9CAF,0x5288,0x736B,0x948F,0x948F,0x8C6E,0x8C6E,0x8C6E,0x948F,0xA4F0,0xA4F0,0x9CAF,0x8C6E,0x4A68,0x7BCC,0x9CAF,
  0x9CD0,0x5288,0x738B,0x9CAF,0x9CAF,0x946E,0x8C6E,0x948F,0x948F,0x94AF,0x9CAF,0x8C6E,0x948F,0x5268,0x7BCC,0x9CAF,
  0x9CD0,0x5288,0x738B,0x9CAF,0x9CAF,0x946E,0x948F,0x9CAF,0x9CAF,0x948F,0x8C6E,0x8C6E,0x9CAF,0x5268,0x7BCC,0x9CAF,
  0x9CAF,0x73AC,0x83ED,0x946F,0x948F,0x94AF,0x9CAF,0x9CAF,0x9CAF,0x9CAF,0x948F,0x946F,0x9CAF,0x73AC,0x8C2E,0x9CAF,
  0x9CAF,0x948F,0x8C6E,0x8C6E,0x948F,0x9CAF,0x9CAF,0x9CAF,0x9CAF,0x9CAF,0x9CAF,0x8C6E,0x948F,0x9CAF,0x9CAF,0x9CAF,
  0x948F,0x8C6E,0x946F,0x948F,0x946F,0x9CAF,0x9CAF,0x9CAF,0x9CAF,0x9CAF,0x94AF,0x8C6E,0x946E,0x948F,0x9CAF,0x9CAF,
  0x948F,0x5288,0x73AC,0x9CAF,0x948F,0x948F,0x9CAF,0x9CAF,0x9CAF,0x9CAF,0x946E,0x9CAF,0x9CF0,0x5288,0x7BAC,0x946F,
  0x948F,0x5288,0x738C,0x9CAF,0x9CAF,0x948F,0x948F,0x9CAF,0x948F,0x946E,0x9CAF,0xA4F0,0xA4F0,0x5288,0x73AC,0x8C6E,
  0x948F,0x5288,0x738C,0x9CAF,0x9CAF,0x8C6E,0x8C6E,0x8C6E,0x8C6E,0x8C6E,0x9CF0,0xA4F0,0xA4F0,0x5288,0x73AC,0x8C6E,
  0x9CAF,0x5288,0x738B,0x94AF,0x946F,0x8C6E,0x946F,0x946F,0x8C6E,0x8C6E,0x94AF,0xA4F0,0xA4F0,0x5288,0x7BCC,0x9CCF,
  0xA4F0,0x52A9,0x4A67,0x4A68,0x4A68,0x4A68,0x73AC,0x9CAF,0x948F,0x5288,0x4A68,0x5288,0x5288,0x4A47,0x7BCC,0xA4F0,
  0x9CCF,0x9CAF,0x73AC,0x73AC,0x7BAC,0x7BCC,0x8C2E,0x9CAF,0x9CAF,0x7BCC,0x73AC,0x73AC,0x7BAC,0x7BCC,0x9CD0,0xA4F0,
  0x946E,0x9CAF,0x948F,0x8C6E,0x9CAF,0x9CAF,0x9CAF,0x9CAF,0x9CAF,0x9CAF,0x946E,0x946F,0x9CAF,0x9CAF,0x948F,0x948F,
  0x530E,0x6BF2,0x6C12,0x6C12,0x6C12,0x6C12,0x6C12,0x6C12,0x6C12,0x6C12,0x6C12,0x6C12,0x6C12,0x6C12,0x6BF2,0x426C,
  0x532F,0x7433,0x7C75,0x7C75,0x7C75,0x7C75,0x7C75,0x7C75,0x7C75,0x7C75,0x7C75,0x7C75,0x7C75,0x7C75,0x6BF2,0x428D,
  0x428D,0x52EE,0x3A2B,0x42AD,0x428C,0x4AAD,0x426C,0x4AAD,0x428D,0x428D,0x428D,0x428C,0x428C,0x320A,0x4AEE,0x3A0B,
  0x5B90,0x7454,0x4AAD,0x3A4C,0x426C,0x532F,0x4ACE,0x532F,0x4AEE,0x4AEE,0x4AEE,0x3A2B,0x4ACD,0x3A2B,0x7454,0x428C,
  0x5B91,0x7474,0x4ACE,0x7454,0x63D2,0x5B50,0x6391,0x7C75,0x6C13,0x6391,0x6391,0x63D2,0x7433,0x3A2B,0x7474,0x428C,
  0x5B91,0x7474,0x3A4B,0x6C33,0x7474,0x7434,0x532F,0x7434,0x5B70,0x63B1,0x7454,0x7474,0x5B70,0x31EA,0x7474,0x428C,
  0x5B91,0x7474,0x426C,0x42AD,0x5B70,0x7474,0x6BF2,0x4AAD,0x63B1,0x7474,0x6C13,0x5B50,0x4AAD,0x3A2B,0x7474,0x428C,
  0x5B91,0x7474,0x4ACE,0x5B70,0x42AD,0x4AAD,0x534F,0x7474,0x7474,0x6BF2,0x428C,0x4ACE,0x63B1,0x3A2B,0x7474,0x428C,
  0x5B91,0x7474,0x4AEE,0x6BF2,0x5B50,0x6BD2,0x7CB5,0x6C13,0x5B70,0x4AEE,0x532F,0x5B70,0x6BF2,0x3A2B,0x7475,0x428C,
  0x63B1,0x7C95,0x428D,0x426C,0x8D37,0x8D17,0x7433,0x3A4C,0x4ACE,0x7454,0x7C75,0x6C33,0x4AAD,0x3A2B,0x7C95,0x42AD,
  0x6BF2,0x84F6,0x4ACD,0x9557,0x8CF6,0x5B90,0x42AD,0x5B70,0x530F,0x426C,0x63D2,0x7474,0x6C13,0x3A2B,0x84F6,0x4ACD,
  0x7433,0x8D37,0x52EE,0x7C95,0x4AAD,0x530F,0x532F,0x7474,0x6BF2,0x4AEE,0x4AEE,0x428C,0x7433,0x3A4B,0x9557,0x4AED,
  0x7453,0x9578,0x428D,0x4ACE,0x52EE,0x6C13,0x63D2,0x7C95,0x6C13,0x6C13,0x63B1,0x42AD,0x4AAD,0x3A2B,0x9D98,0x52EE,
  0x42AD,0x530E,0x3A2B,0x3A4B,0x3A4C,0x4AAD,0x428C,0x4ACD,0x428D,0x42AD,0x428D,0x3A2B,0x3A2B,0x320A,0x530E,0x3A2B,
  0x532F,0x6BF2,0x84B5,0x84B5,0x84B5,0x84B5,0x84B5,0x84B5,0x84B5,0x84B5,0x84B5,0x84B5,0x84B5,0x84B5,0x6BF2,0x426C,
  0x320B,0x3A2B,0x3A2B,0x3A2B,0x3A2B,0x3A2B,0x3A2B,0x3A2B,0x3A2B,0x3A2B,0x3A2B,0x3A2B,0x3A2B,0x3A2B,0x3A2B,0x31EA,
  0x1AD1,0x33D4,0x33D5,0x33D5,0x33D5,0x33D5,0x33D5,0x33D5,0x33D5,0x33D5,0x33D5,0x33D5,0x33D5,0x33D5,0x33B4,0x0A2E,
  0x12F2,0x23F7,0x2C38,0x2C38,0x2C38,0x2C38,0x2C38,0x2C38,0x2C38,0x2C38,0x2C38,0x2C38,0x2C38,0x2C38,0x23B5,0x0A4F,
  0x0A4F,0x12B1,0x01EE,0x0A50,0x0A2F,0x0A70,0x0A2F,0x0A70,0x0A4F,0x0A4F,0x0A4F,0x0A4F,0x0A2F,0x01AD,0x1291,0x01CD,
  0x1B53,0x2C17,0x0A70,0x020E,0x0A2F,0x12F2,0x0A90,0x12F2,0x12B1,0x12B1,0x12B1,0x01ED,0x0A70,0x01EE,0x2417,0x0A4F,
  0x1B54,0x2C38,0x0A91,0x2417,0x2395,0x1B13,0x1B54,0x2C38,0x23D6,0x1B54,0x1B54,0x2395,0x23F7,0x01EE,0x2C38,0x0A4F,
  0x1B54,0x2C38,0x01EE,0x23F6,0x2C38,0x23F7,0x12F2,0x23F7,0x1B33,0x1B74,0x2C17,0x2C38,0x1B33,0x01AD,0x2C38,0x0A4F,
  0x1B54,0x2C38,0x0A2F,0x0A70,0x1B33,0x2C38,0x23B5,0x0A70,0x1B75,0x2C38,0x23D6,0x1B13,0x0A70,0x01CD,0x2C38,0x0A4F,
  0x1B54,0x2C38,0x0A91,0x1B33,0x0A70,0x0A70,0x1B12,0x2C38,0x2C38,0x23B5,0x0A4F,0x0A91,0x1B54,0x01EE,0x2C38,0x0A4F,
  0x1B54,0x2C38,0x1291,0x23B6,0x1B13,0x2B94,0x3479,0x23D6,0x1B33,0x12B1,0x12F2,0x1B33,0x23B5,0x01EE,0x2C38,0x0A4F,
  0x2374,0x2C58,0x0A4F,0x0A2F,0x4D1A,0x44DA,0x2BF7,0x0A0E,0x1290,0x2C18,0x2C38,0x23F6,0x1270,0x01EE,0x3458,0x126F,
  0x2BB5,0x3CB9,0x0A90,0x553A,0x44D9,0x1B53,0x0A50,0x1B33,0x12D2,0x0A2F,0x1B95,0x2C38,0x23D6,0x01CD,0x3CB9,0x1A90,
  0x3BF5,0x4D1A,0x12B1,0x3458,0x1270,0x12D2,0x12F2,0x2C38,0x23B6,0x12B1,0x1291,0x0A4F,0x23F7,0x0A0E,0x4D1A,0x22B0,
  0x4436,0x555B,0x0A4F,0x0A90,0x12B1,0x23D6,0x2395,0x2C38,0x23D6,0x23D6,0x1B74,0x0A50,0x1270,0x09CD,0x5D5B,0x22D0,
  0x126F,0x22D1,0x09ED,0x0A0E,0x0A0E,0x1290,0x124F,0x1290,0x124F,0x126F,0x124F,0x09EE,0x09EE,0x09CD,0x22D1,0x09ED,
  0x12F2,0x23B6,0x3C78,0x3C78,0x3C78,0x3C78,0x3C78,0x3C78,0x3C78,0x3C78,0x3C78,0x3C78,0x3C78,0x3C78,0x23B5,0x0A2F,
  0x01CD,0x01CD,0x01CD,0x01CD,0x01CD,0x01CD,0x01CD,0x01CD,0x01CD,0x01CD,0x01CD,0x01CD,0x01CD,0x01CD,0x01CD,0x01AD,
  0xF81F,0xF81F,0xF81F,0xF81F,0xF81F,0xF81F,0xF81F,0xF81F,0xF81F,0xF81F,0xF81F,0xF81F,0xF81F,0xF81F,0xF81F,0xF81F,
  0xF81F,0xF81F,0xF81F,0xF81F,0xAFEB,0x6585,0x6585,0x6585,0x6585,0x6584,0xBFE9,0xF81F,0xF81F,0xF81F,0xF81F,0xF81F,
  0xF81F,0xF81F,0xF81F,0xF81F,0xFFF9,0x6585,0x6585,0x6585,0x6585,0x6585,0x6585,0x6585,0xBFEA,0xF81F,0xF81F,0xF81F,
  0xF81F,0xF81F,0xF81F,0xF81F,0xFFFF,0xFFFF,0x6DA6,0x6585,0x6585,0x6585,0x6585,0x6585,0x6585,0xF81F,0xF81F,0xF81F,
  0xF81F,0xF81F,0xF81F,0xE7EB,0xD7F3,0xBF32,0x8E6B,0x6DE5,0x6DE5,0x65A5,0x6546,0x6545,0x6585,0xF81F,0xF81F,0xF81F,
  0xF81F,0xF81F,0xE7EB,0x7665,0x7665,0x7665,0x7665,0x7665,0x7665,0x7665,0x7665,0x7665,0x65A6,0xF81F,0xF81F,0xF81F,
  0xF81F,0xF81F,0xF81F,0xF81F,0xFFFF,0xAEFE,0x8DD9,0x74D3,0xA6FA,0x85D4,0x7D92,0x53EA,0x4BEA,0xF81F,0xF81F,0xF81F,
  0xF81F,0xF81F,0xF81F,0xF81F,0xB71F,0xB71F,0x7CF7,0x4B0F,0xB71F,0xB71F,0xB71F,0x6413,0x3A6D,0xF81F,0xF81F,0xF81F,
  0xF81F,0xF81F,0xF81F,0xFFFF,0x9E5E,0x5B91,0x7CF7,0xA69E,0xB71F,0xB71F,0xB71F,0x8D79,0x6C34,0xF81F,0xF81F,0xF81F,
  0xF81F,0xF81F,0xF81F,0xF81F,0xE7FF,0x8538,0x9E5D,0xB71F,0xB71F,0xB71F,0xB71F,0xB71F,0xFFFF,0xF81F,0xF81F,0xF81F,
  0xF81F,0xF81F,0xF81F,0xF81F,0xBFFD,0x5CB0,0x5C73,0x4B79,0x6C99,0x96D4,0x8633,0x42BD,0x7CFF,0xF81F,0xF81F,0xF81F,
  0xF81F,0xF81F,0xF81F,0xF81F,0x74BF,0x3A7C,0x3A7C,0x3A7C,0x74BE,0xB71F,0xAEDE,0x3A7C,0x74BF,0xF81F,0xF81F,0xF81F,
  0xF81F,0xF81F,0xF81F,0xF81F,0x7CBF,0x3A7C,0x3A7C,0x3A12,0x4AF0,0x7453,0x6C58,0x3A7C,0x7CBF,0xF81F,0xF81F,0xF81F,
  0xF81F,0xF81F,0xF81F,0xF81F,0xF81F,0xF81F,0x8010,0x3186,0x3186,0x3186,0x632C,0xF81F,0xF81F,0xF81F,0xF81F,0xF81F,
  0xF81F,0xF81F,0xF81F,0xF81F,0xF81F,0xF81F,0xF81F,0x5AAB,0x632C,0x632C,0xF81F,0xF81F,0xF81F,0xF81F,0xF81F,0xF81F,
  0xF81F,0xF81F,0xF81F,0xF81F,0xF81F,0xF81F,0xF81F,0xF81F,0xF81F,0xF81F,0xF81F,0xF81F,0xF81F,0xF81F,0xF81F,0xF81F,
  0xF81F,0xF81F,0xF81F,0xF81F,0xF81F,0xF81F,0xF81F,0xF81F,0xF81F,0xF81F,0xF81F,0xF81F,0xF81F,0xF81F,0xF81F,0xF81F,
  0xF81F,0xF81F,0xF81F,0xF81F,0xAFEB,0x6585,0x6585,0x6585,0x6585,0x6584,0xBFE9,0xF81F,0xF81F,0xF81F,0xF81F,0xF81F,
  0xF81F,0xF81F,0xF81F,0xF81F,0xFFF9,0x6585,0x6585,0x6585,0x6585,0x6585,0x6585,0x6585,0xBFEA,0xF81F,0xF81F,0xF81F,
  0xF81F,0xF81F,0xF81F,0xF81F,0xFFFF,0xFFFF,0x6DA6,0x6585,0x6585,0x6585,0x6585,0x6585,0x6585,0xF81F,0xF81F,0xF81F,
  0xF81F,0xF81F,0xF81F,0xE7EB,0xD7F3,0xBF32,0x8E6B,0x6DE5,0x6DE5,0x65C5,0x6566,0x6565,0x6585,0xF81F,0xF81F,0xF81F,
  0xF81F,0xF81F,0xE7EB,0x7665,0x7665,0x7665,0x7665,0x7665,0x7665,0x7665,0x7665,0x7665,0x6DC6,0xF81F,0xF81F,0xF81F,
  0xF81F,0xF81F,0xF81F,0xF81F,0xFFFF,0xAEFE,0x8DD9,0x74D3,0xA6FA,0x85D4,0x7D92,0x53EA,0x4BEA,0xF81F,0xF81F,0xF81F,
  0xF81F,0xF81F,0xF81F,0xF81F,0xB71F,0xB71F,0x7CF7,0x4B0F,0xB71F,0xB71F,0xB71F,0x6413,0x3A6D,0xF81F,0xF81F,0xF81F,
  0xF81F,0xF81F,0xF81F,0xFFFF,0x9E5E,0x5B91,0x7CF7,0xA69E,0xB71F,0xB71F,0xB71F,0x8D79,0x6C34,0xF81F,0xF81F,0xF81F,
  0xF81F,0xF81F,0xF81F,0xF81F,0xE7FF,0x8538,0x9E5D,0xB71F,0xB71F,0xB71F,0xB71F,0xB71F,0xFFFF,0xF81F,0xF81F,0xF81F,
  0xF81F,0xF81F,0xF81F,0xF81F,0xBFFD,0x5CB0,0x5C73,0x4B79,0x4B3A,0x868C,0x96D5,0x8DBA,0xBF7F,0xF81F,0xF81F,0xF81F,
  0xF81F,0xF81F,0xF81F,0xF81F,0x3A11,0x3A7C,0x3A7C,0x3A7C,0x3A7C,0x9697,0xB71F,0xB71F,0xFFFF,0xF81F,0xF81F,0xF81F,
  0xF81F,0xF81F,0xF81F,0x31A6,0x31ED,0x3A36,0x3A59,0x3A7C,0x3A7C,0x535B,0x749B,0x7478,0x424E,0x3166,0xF81F,0xF81F,
  0xF81F,0xF81F,0xF81F,0xF81F,0x3186,0x3186,0x632C,0xF81F,0xF81F,0xF81F,0x632C,0x3186,0x39C7,0xF81F,0xF81F,0xF81F,
  0xF81F,0xF81F,0xF81F,0xF81F,0xF81F,0x630C,0xF81F,0xF81F,0xF81F,0xF81F,0xF81F,0x630C,0xF81F,0xF81F,0xF81F,0xF81F,
  0xF81F,0xF81F,0xF81F,0xF81F,0xF81F,0xF81F,0xF81F,0xF81F,0xF81F,0xF81F,0xF81F,0xF81F,0xF81F,0xF81F,0xF81F,0xF81F,
  0xF81F,0xF81F,0xF81F,0xF81F,0xF81F,0xF81F,0xF81F,0xF81F,0xF81F,0xF81F,0xF81F,0xF81F,0xF81F,0xF81F,0xF81F,0xF81F,
  0xF81F,0xF81F,0xF81F,0xF81F,0xAFEB,0x6585,0x6585,0x6585,0x6585,0x6584,0xBFE9,0xF81F,0xF81F,0xF81F,0xF81F,0xF81F,
  0xF81F,0xF81F,0xF81F,0xF81F,0xFFF9,0x6585,0x6585,0x6585,0x6585,0x6585,0x6585,0x6585,0xBFEA,0xF81F,0xF81F,0xF81F,
  0xF81F,0xF81F,0xF81F,0xF81F,0xFFFF,0xFFFF,0x6DA6,0x6585,0x6585,0x6585,0x6585,0x6585,0x6585,0xF81F,0xF81F,0xF81F,
  0xF81F,0xF81F,0xF81F,0xE7EB,0xD7F3,0xBF32,0x8E6B,0x6DE5,0x6DE5,0x65A5,0x6546,0x6545,0x6585,0xF81F,0xF81F,0xF81F,
  0xF81F,0xF81F,0xE7EB,0x7665,0x7665,0x7665,0x7665,0x7665,0x7665,0x7665,0x7665,0x7665,0x65A6,0xF81F,0xF81F,0xF81F,
  0xF81F,0xF81F,0xF81F,0xF81F,0xFFFF,0xAEFE,0x8DD9,0x74D3,0xA6FA,0x85D4,0x7D92,0x53EA,0x4BEA,0xF81F,0xF81F,0xF81F,
  0xF81F,0xF81F,0xF81F,0xF81F,0xB71F,0xB71F,0x7CF7,0x4B0F,0xB71F,0xB71F,0xB71F,0x6413,0x3A6D,0xF81F,0xF81F,0xF81F,
  0xF81F,0xF81F,0xF81F,0xFFFF,0x9E5E,0x5B91,0x7CF7,0xA69E,0xB71F,0xB71F,0xB71F,0x8D79,0x6C34,0xF81F,0xF81F,0xF81F,
  0xF81F,0xF81F,0xF81F,0xF81F,0xE7FF,0x8538,0x9E5D,0xB71F,0xB71F,0xB71F,0xB71F,0xB71F,0xFFFF,0xF81F,0xF81F,0xF81F,
  0xF81F,0xF81F,0xF81F,0xF81F,0xBFFD,0x5CB0,0x5C73,0x4B79,0x6C99,0x96D4,0x8633,0x42BD,0x7CFF,0xF81F,0xF81F,0xF81F,
  0xF81F,0xF81F,0xF81F,0xF81F,0x74BF,0x3A7C,0x3A7C,0x3A7C,0x74BE,0xB71F,0xAEDE,0x3A7C,0x74BF,0xF81F,0xF81F,0xF81F,
  0xF81F,0xF81F,0xF81F,0xF81F,0x7CBF,0x3A7C,0x3A7C,0x3A12,0x4AF0,0x7453,0x6C58,0x3A7C,0x7CBF,0xF81F,0xF81F,0xF81F,
  0xF81F,0xF81F,0xF81F,0xF81F,0xF81F,0xF81F,0x8010,0x3186,0x3186,0x3186,0x632C,0xF81F,0xF81F,0xF81F,0xF81F,0xF81F,
  0xF81F,0xF81F,0xF81F,0xF81F,0xF81F,0xF81F,0xF81F,0x5AAB,0x632C,0x632C,0xF81F,0xF81F,0xF81F,0xF81F,0xF81F,0xF81F,
  0xF81F,0xF81F,0xF81F,0xF81F,0xF81F,0xF81F,0xF81F,0xF81F,0xF81F,0xF81F,0xF81F,0xF81F,0xF81F,0xF81F,0xF81F,0xF81F,
  0xF81F,0xF81F,0xF81F,0xF81F,0xF81F,0xF81F,0xF81F,0xF81F,0xF81F,0xF81F,0xF81F,0xF81F,0xF81F,0xF81F,0xF81F,0xF81F,
  0xF81F,0xF81F,0xF81F,0xF81F,0xAFEB,0x6585,0x6585,0x6585,0x6585,0x6584,0xBFE9,0xF81F,0xF81F,0xF81F,0xF81F,0xF81F,
  0xF81F,0xF81F,0xF81F,0xF81F,0xEFF1,0x6585,0x6585,0x6585,0x6585,0x6585,0x6585,0x6585,0xBFEA,0xF81F,0xF81F,0xF81F,
  0xF81F,0xF81F,0xF81F,0xF81F,0xFFFF,0xEF9C,0x6585,0x6585,0x6585,0x6585,0x6585,0x6585,0x6585,0xF81F,0xF81F,0xF81F,
  0xF81F,0xF81F,0xF81F,0xE7EB,0xD7F3,0xBF32,0x864A,0x6DE5,0x6DE5,0x65A5,0x6546,0x6545,0x6585,0xF81F,0xF81F,0xF81F,
  0xF81F,0xF81F,0xE7EB,0x7665,0x7665,0x7665,0x7665,0x7665,0x7665,0x7665,0x7665,0x7665,0x65A6,0xF81F,0xF81F,0xF81F,
  0xF81F,0xF81F,0xF81F,0xF81F,0xFFFF,0xAEFE,0x8DD9,0x74D3,0xA6FA,0x7D93,0x7D92,0x53EA,0x4BEA,0xF81F,0xF81F,0xF81F,
  0xF81F,0xF81F,0xF81F,0xF81F,0xB71F,0xB71F,0x7CF7,0x4B0F,0xB71F,0xB71F,0xB71F,0x6413,0x3A6D,0xF81F,0xF81F,0xF81F,
  0xF81F,0xF81F,0xF81F,0xFFFF,0x9E5E,0x5B91,0x7CF7,0xA69E,0xB71F,0xB71F,0xB71F,0x8D79,0x6434,0xF81F,0xF81F,0xF81F,
  0xF81F,0xF81F,0xF81F,0xF81F,0xE7FF,0x8538,0x9E5D,0xB71F,0xB71F,0xB71F,0xB71F,0xB71F,0xFFFF,0xF81F,0xF81F,0xF81F,
  0xF81F,0xF81F,0xF81F,0xF81F,0xBFFD,0x5CB0,0x5C73,0x4B79,0x8DFA,0x96D5,0x6CB6,0x42BD,0x7CFF,0xF81F,0xF81F,0xF81F,
  0xF81F,0xF81F,0xF81F,0xF81F,0x3A11,0x3A7C,0x3A7C,0x3A7C,0x9E5F,0xB71F,0x749B,0x3A7C,0x74BF,0xF81F,0xF81F,0xF81F,
  0xF81F,0xF81F,0xF81F,0x31A6,0x31ED,0x3A36,0x3A59,0x3A7C,0x5BBD,0x74BE,0x4B19,0x3A36,0x31ED,0x3166,0xF81F,0xF81F,
  0xF81F,0xF81F,0xF81F,0xF81F,0x3186,0x3186,0x632C,0xF81F,0xF81F,0xF81F,0x632C,0x3186,0x39C7,0xF81F,0xF81F,0xF81F,
  0xF81F,0xF81F,0xF81F,0xF81F,0xF81F,0x630C,0xF81F,0xF81F,0xF81F,0xF81F,0xF81F,0x630C,0xF81F,0xF81F,0xF81F,0xF81F,
  0xF81F,0xF81F,0xF81F,0xF81F,0xF81F,0xF81F,0xF81F,0xF81F,0xF81F,0xF81F,0xF81F,0xF81F,0xF81F,0xF81F,0xF81F,0xF81F,
  0xF81F,0xF81F,0xF81F,0xF81F,0xF81F,0xF81F,0xF81F,0xF81F,0xF81F,0xF81F,0xF81F,0xF81F,0xF81F,0xF81F,0xF81F,0xF81F,
  0xF81F,0xF81F,0xF81F,0xF81F,0xF81F,0x6584,0x6585,0x6585,0x6585,0x6584,0xC7EA,0xF81F,0xF81F,0xF81F,0xF81F,0xF81F,
  0xF81F,0xF81F,0xF81F,0xC7E9,0x6585,0x6585,0x6585,0x6585,0x6585,0x6585,0x7DE9,0xF81F,0xF81F,0xF81F,0xF81F,0xF81F,
  0xF81F,0xF81F,0xC7E9,0x6585,0x6585,0x6585,0x6585,0x6585,0x6585,0x6585,0xF7DE,0xF81F,0xF81F,0xF81F,0xF81F,0xF81F,
  0xF81F,0xF81F,0xC7E9,0x6585,0x6545,0x6566,0x6DC5,0x6DE5,0x6DE5,0x96AE,0xBF32,0xE7EB,0xE7EB,0xF81F,0xF81F,0xF81F,
  0xF81F,0xF81F,0xBFEE,0x6DE6,0x7665,0x7665,0x7665,0x7665,0x7665,0x7665,0x7666,0x7665,0x7665,0xF81F,0xF81F,0xF81F,
  0xF81F,0xF81F,0xA7F4,0x540A,0x6CEF,0x85B3,0x9637,0xA6FB,0x8DF8,0xAEFE,0xB71F,0xF81F,0xF81F,0xF81F,0xF81F,0xF81F,
  0xF81F,0xF81F,0x74BA,0x3A6D,0x8D9A,0xB71F,0xB71F,0xB71F,0x7D17,0xB71F,0xB71F,0xB71F,0xF81F,0xF81F,0xF81F,0xF81F,
  0xF81F,0xF81F,0xD7FF,0x74B6,0x9E3C,0xB71F,0xB71F,0xB71F,0x8DBA,0x6413,0x6C34,0xFFFF,0xF81F,0xF81F,0xF81F,0xF81F,
  0xF81F,0xF81F,0xFFFF,0xB6FF,0xB71F,0xB71F,0xB71F,0xB71F,0xAEBE,0x8DBA,0x6412,0xF81F,0xF81F,0xF81F,0xF81F,0xF81F,
  0xF81F,0xF81F,0x7CDF,0x3A7D,0x6CB8,0x96D4,0x7537,0x42BD,0x5C34,0x5CB1,0x656C,0xF81F,0xF81F,0xF81F,0xF81F,0xF81F,
  0xF81F,0xF81F,0x74BF,0x3A7C,0x74BE,0xB71F,0x8DDD,0x3A7C,0x3A7C,0x3A7C,0x3A7C,0xF81F,0xF81F,0xF81F,0xF81F,0xF81F,
  0xF81F,0xF81F,0xF81F,0x3A7D,0x5B9D,0x7453,0x5310,0x31F0,0x3A37,0x3A7C,0x531F,0xF81F,0xF81F,0xF81F,0xF81F,0xF81F,
  0xF81F,0xF81F,0xF81F,0xF81F,0x5ACB,0x3186,0x3186,0x3186,0x632C,0xF81F,0xF81F,0xF81F,0xF81F,0xF81F,0xF81F,0xF81F,
  0xF81F,0xF81F,0xF81F,0xF81F,0xF81F,0x5ACB,0x632C,0x632C,0xF81F,0xF81F,0xF81F,0xF81F,0xF81F,0xF81F,0xF81F,0xF81F,
  0xF81F,0xF81F,0xF81F,0xF81F,0xF81F,0xF81F,0xF81F,0xF81F,0xF81F,0xF81F,0xF81F,0xF81F,0xF81F,0xF81F,0xF81F,0xF81F,
  0xF81F,0xF81F,0xF81F,0xF81F,0xF81F,0xF81F,0xF81F,0xF81F,0xF81F,0xF81F,0xF81F,0xF81F,0xF81F,0xF81F,0xF81F,0xF81F,
  0xF81F,0xF81F,0xF81F,0xF81F,0xF81F,0x6584,0x6585,0x6585,0x6585,0x6584,0xC7EA,0xF81F,0xF81F,0xF81F,0xF81F,0xF81F,
  0xF81F,0xF81F,0xF81F,0xC7E9,0x6585,0x6585,0x6585,0x6585,0x6585,0x6585,0x7DE9,0xF81F,0xF81F,0xF81F,0xF81F,0xF81F,
  0xF81F,0xF81F,0xC7E9,0x6585,0x6585,0x6585,0x6585,0x6585,0x6585,0x6585,0xF7DE,0xF81F,0xF81F,0xF81F,0xF81F,0xF81F,
  0xF81F,0xF81F,0xC7E9,0x6585,0x6565,0x6586,0x6DE5,0x6DE5,0x6DE5,0x96AE,0xBF32,0xE7EB,0xE7EB,0xF81F,0xF81F,0xF81F,
  0xF81F,0xF81F,0xC7EE,0x6E06,0x7665,0x7665,0x7665,0x7665,0x7665,0x7665,0x7666,0x7665,0x7665,0xF81F,0xF81F,0xF81F,
  0xF81F,0xF81F,0xA7F4,0x540A,0x6CEF,0x85B3,0x9677,0xA6FB,0x8DF8,0xAEFE,0xB71F,0xF81F,0xF81F,0xF81F,0xF81F,0xF81F,
  0xF81F,0xF81F,0x74BA,0x3A6D,0x8D9A,0xB71F,0xB71F,0xB71F,0x7D17,0xB71F,0xB71F,0xB71F,0xF81F,0xF81F,0xF81F,0xF81F,
  0xF81F,0xF81F,0xE7FF,0x74B6,0x9E3C,0xB71F,0xB71F,0xB71F,0x8DBA,0x6413,0x6C34,0xFFFF,0xF81F,0xF81F,0xF81F,0xF81F,
  0xF81F,0xF81F,0xFFFF,0xB6FF,0xB71F,0xB71F,0xB71F,0xB71F,0xAEBE,0x8DBA,0x6412,0xF81F,0xF81F,0xF81F,0xF81F,0xF81F,
  0xF81F,0xF81F,0x7CDF,0x5BBD,0x9657,0x96D4,0x64B5,0x42BD,0x53F6,0x5C72,0x5CEF,0xF81F,0xF81F,0xF81F,0xF81F,0xF81F,
  0xF81F,0xF81F,0x74BF,0x95DF,0xB71F,0xB71F,0x6C7A,0x3A7C,0x3A7C,0x3A7C,0x3A7C,0x3186,0xF81F,0xF81F,0xF81F,0xF81F,
  0xF81F,0xF81F,0x31AA,0x4AF5,0x7499,0x749E,0x42DC,0x3A7C,0x3A5C,0x3A36,0x3A12,0x3186,0x6B4D,0xF81F,0xF81F,0xF81F,
  0xF81F,0xF81F,0x632C,0x3186,0x31A6,0xF81F,0xF81F,0xF81F,0x6B6D,0x3186,0x3186,0x3186,0xF81F,0xF81F,0xF81F,0xF81F,
  0xF81F,0xF81F,0xF81F,0x630C,0x718E,0xF81F,0xF81F,0xF81F,0xF81F,0x632C,0xF81F,0xF81F,0xF81F,0xF81F,0xF81F,0xF81F,
  0xF81F,0xF81F,0xF81F,0xF81F,0xF81F,0xF81F,0xF81F,0xF81F,0xF81F,0xF81F,0xF81F,0xF81F,0xF81F,0xF81F,0xF81F,0xF81F,
  0xF81F,0xF81F,0xF81F,0xF81F,0xF81F,0xF81F,0xF81F,0xF81F,0xF81F,0xF81F,0xF81F,0xF81F,0xF81F,0xF81F,0xF81F,0xF81F,
  0xF81F,0xF81F,0xF81F,0xF81F,0xF81F,0x6584,0x6585,0x6585,0x6585,0x6584,0xC7EA,0xF81F,0xF81F,0xF81F,0xF81F,0xF81F,
  0xF81F,0xF81F,0xF81F,0xC7E9,0x6585,0x6585,0x6585,0x6585,0x6585,0x6585,0x7DE9,0xF81F,0xF81F,0xF81F,0xF81F,0xF81F,
  0xF81F,0xF81F,0xC7E9,0x6585,0x6585,0x6585,0x6585,0x6585,0x6585,0x6585,0xF7DE,0xF81F,0xF81F,0xF81F,0xF81F,0xF81F,
  0xF81F,0xF81F,0xC7E9,0x6585,0x6545,0x6566,0x6DC5,0x6DE5,0x6DE5,0x96AE,0xBF32,0xE7EB,0xE7EB,0xF81F,0xF81F,0xF81F,
  0xF81F,0xF81F,0xBFEE,0x6DE6,0x7665,0x7665,0x7665,0x7665,0x7665,0x7665,0x7666,0x7665,0x7665,0xF81F,0xF81F,0xF81F,
  0xF81F,0xF81F,0xA7F4,0x540A,0x6CEF,0x85B3,0x9637,0xA6FB,0x8DF8,0xAEFE,0xB71F,0xF81F,0xF81F,0xF81F,0xF81F,0xF81F,
  0xF81F,0xF81F,0x74BA,0x3A6D,0x8D9A,0xB71F,0xB71F,0xB71F,0x7D17,0xB71F,0xB71F,0xB71F,0xF81F,0xF81F,0xF81F,0xF81F,
  0xF81F,0xF81F,0xD7FF,0x74B6,0x9E3C,0xB71F,0xB71F,0xB71F,0x8DBA,0x6413,0x6C34,0xFFFF,0xF81F,0xF81F,0xF81F,0xF81F,
  0xF81F,0xF81F,0xFFFF,0xB6FF,0xB71F,0xB71F,0xB71F,0xB71F,0xAEBE,0x8DBA,0x6412,0xF81F,0xF81F,0xF81F,0xF81F,0xF81F,
  0xF81F,0xF81F,0x7CDF,0x3A7D,0x6CB8,0x96D4,0x7537,0x42BD,0x5C34,0x5CB1,0x656C,0xF81F,0xF81F,0xF81F,0xF81F,0xF81F,
  0xF81F,0xF81F,0x74BF,0x3A7C,0x74BE,0xB71F,0x8DDD,0x3A7C,0x3A7C,0x3A7C,0x3A7C,0xF81F,0xF81F,0xF81F,0xF81F,0xF81F,
  0xF81F,0xF81F,0xF81F,0x3A7D,0x5B9D,0x7453,0x5310,0x31F0,0x3A37,0x3A7C,0x531F,0xF81F,0xF81F,0xF81F,0xF81F,0xF81F,
  0xF81F,0xF81F,0xF81F,0xF81F,0x5ACB,0x3186,0x3186,0x3186,0x632C,0xF81F,0xF81F,0xF81F,0xF81F,0xF81F,0xF81F,0xF81F,
  0xF81F,0xF81F,0xF81F,0xF81F,0xF81F,0x5ACB,0x632C,0x632C,0xF81F,0xF81F,0xF81F,0xF81F,0xF81F,0xF81F,0xF81F,0xF81F,
  0xF81F,0xF81F,0xF81F,0xF81F,0xF81F,0xF81F,0xF81F,0xF81F,0xF81F,0xF81F,0xF81F,0xF81F,0xF81F,0xF81F,0xF81F,0xF81F,
  0xF81F,0xF81F,0xF81F,0xF81F,0xF81F,0xF81F,0xF81F,0xF81F,0xF81F,0xF81F,0xF81F,0xF81F,0xF81F,0xF81F,0xF81F,0xF81F,
  0xF81F,0xF81F,0xF81F,0xF81F,0xF81F,0x6584,0x6585,0x6585,0x6585,0x6584,0xC7EA,0xF81F,0xF81F,0xF81F,0xF81F,0xF81F,
  0xF81F,0xF81F,0xF81F,0xC7E9,0x6585,0x6585,0x6585,0x6585,0x6585,0x6585,0x7DE9,0xF81F,0xF81F,0xF81F,0xF81F,0xF81F,
  0xF81F,0xF81F,0xC7E9,0x6585,0x6585,0x6585,0x6585,0x6585,0x6585,0x6585,0xF7DE,0xF81F,0xF81F,0xF81F,0xF81F,0xF81F,
  0xF81F,0xF81F,0xC7E9,0x6585,0x6545,0x6566,0x6DC5,0x6DE5,0x6DE5,0x96AE,0xBF32,0xE7EB,0xE7EB,0xF81F,0xF81F,0xF81F,
  0xF81F,0xF81F,0xBFEE,0x6DE6,0x7665,0x7665,0x7665,0x7665,0x7665,0x7665,0x7666,0x7665,0x7665,0xF81F,0xF81F,0xF81F,
  0xF81F,0xF81F,0xA7F4,0x540A,0x6CEF,0x85B3,0x9637,0xA6FB,0x8DF8,0xAEFE,0xB71F,0xF81F,0xF81F,0xF81F,0xF81F,0xF81F,
  0xF81F,0xF81F,0x74BA,0x3A6D,0x8D9A,0xB71F,0xB71F,0xB71F,0x7D17,0xB71F,0xB71F,0xB71F,0xF81F,0xF81F,0xF81F,0xF81F,
  0xF81F,0xF81F,0xD7FF,0x74B6,0x9E3C,0xB71F,0xB71F,0xB71F,0x8DBA,0x6413,0x6C34,0xFFFF,0xF81F,0xF81F,0xF81F,0xF81F,
  0xF81F,0xF81F,0xFFFF,0xB6FF,0xB71F,0xB71F,0xB71F,0xB71F,0xAEBE,0x8DBA,0x6412,0xF81F,0xF81F,0xF81F,0xF81F,0xF81F,
  0xF81F,0xF81F,0x7CDF,0x3A7D,0x53F6,0x8EB0,0x9ED6,0x7D1D,0x53F6,0x5C72,0x5CEF,0xF81F,0xF81F,0xF81F,0xF81F,0xF81F,
  0xF81F,0xF81F,0x74BF,0x3A7C,0x42BA,0xA6DA,0xB71F,0x8D9E,0x3A7C,0x3A7C,0x3A7C,0x3186,0xF81F,0xF81F,0xF81F,0xF81F,
  0xF81F,0xF81F,0x31AA,0x3A35,0x3A38,0x5BDC,0x74BE,0x42DD,0x3A5C,0x3A36,0x3A12,0x3186,0x6B4D,0xF81F,0xF81F,0xF81F,
  0xF81F,0xF81F,0x632C,0x3186,0x31A6,0xF81F,0xF81F,0xF81F,0x6B6D,0x3186,0x3186,0x3186,0xF81F,0xF81F,0xF81F,0xF81F,
  0xF81F,0xF81F,0xF81F,0x630C,0x718E,0xF81F,0xF81F,0xF81F,0xF81F,0x632C,0xF81F,0xF81F,0xF81F,0xF81F,0xF81F,0xF81F,
  0xF81F,0xF81F,0xF81F,0xF81F,0xF81F,0xF81F,0xF81F,0xF81F,0xF81F,0xF81F,0xF81F,0xF81F,0xF81F,0xF81F,0xF81F,0xF81F,
  0xF81F,0xF81F,0xF81F,0xF81F,0xF81F,0xF81F,0xF81F,0xF81F,0xF81F,0xF81F,0xF81F,0xF81F,0xF81F,0xF81F,0xF81F,0xF81F,
  0xF81F,0xF81F,0xF81F,0xF81F,0xC7E8,0x6584,0x6585,0x6585,0x6585,0x6584,0x764B,0xF81F,0xF81F,0xF81F,0xF81F,0xF81F,
  0xF81F,0xF81F,0xF81F,0x6585,0x6585,0x6585,0x6585,0x6585,0x6585,0x6585,0x6585,0x6585,0xC7E9,0xF81F,0xF81F,0xF81F,
  0xF81F,0xF81F,0xF81F,0x6585,0x6585,0x6585,0x6585,0x6585,0x6585,0x6585,0x6585,0x6585,0xC7E9,0xF81F,0xF81F,0xF81F,
  0xF81F,0xF81F,0xF81F,0x5D64,0x5D64,0x5D64,0x54A7,0x4BE9,0x5467,0x5D64,0x5D64,0x5D64,0xBFE9,0xF81F,0xF81F,0xF81F,
  0xF81F,0xF81F,0xF81F,0x5D24,0x5D24,0x5D24,0x5466,0x4BA9,0x4C27,0x5D24,0x5D24,0x5D24,0xB7E9,0xF81F,0xF81F,0xF81F,
  0xF81F,0xF81F,0xF81F,0x5BEE,0x432A,0x432A,0x432A,0x432A,0x432A,0x432A,0x432A,0x430A,0x8DF8,0xF81F,0xF81F,0xF81F,
  0xF81F,0xF81F,0xFFFF,0x6C54,0x3A6D,0x3A6D,0x3A6D,0x3A6D,0x3A6D,0x3A6D,0x3A6D,0x3A6D,0x7D17,0xF81F,0xF81F,0xF81F,
  0xF81F,0xF81F,0xF81F,0x9E5C,0x8538,0x74B6,0x74B6,0x74B6,0x74B6,0x74B6,0x7CF7,0x8DBA,0xCFFF,0xF81F,0xF81F,0xF81F,
  0xF81F,0xF81F,0xF81F,0x7645,0xA6BE,0xB71F,0xB71F,0xB71F,0xB71F,0xB71F,0xB71F,0x9E3D,0xDFEB,0xF81F,0xF81F,0xF81F,
  0xF81F,0xF81F,0xEFEE,0x8632,0x42BC,0x42BD,0x53F6,0x5C34,0x5C34,0x5398,0x42BD,0x42BB,0xFFFF,0xF81F,0xF81F,0xF81F,
  0xF81F,0xF81F,0xFFFF,0x95DF,0x429B,0x3219,0x3A5B,0x3A7C,0x3A7C,0x3219,0x429B,0x3A7C,0xFFFF,0xF81F,0xF81F,0xF81F,
  0xF81F,0xF81F,0xF81F,0xA69F,0x3A34,0x3216,0x3A13,0x74BF,0x4ADE,0x3215,0x3A36,0x3A33,0xFFFF,0xF81F,0xF81F,0xF81F,
  0xF81F,0xF81F,0xF81F,0xF81F,0x3186,0x3186,0x31A6,0xF81F,0x632C,0x3186,0x3186,0x3186,0xF81F,0xF81F,0xF81F,0xF81F,
  0xF81F,0xF81F,0xF81F,0xF81F,0x62EC,0x632C,0xF81F,0xF81F,0xF81F,0x630C,0x632C,0x6B2D,0xF81F,0xF81F,0xF81F,0xF81F,
  0xF81F,0xF81F,0xF81F,0xF81F,0xF81F,0xF81F,0xF81F,0xF81F,0xF81F,0xF81F,0xF81F,0xF81F,0xF81F,0xF81F,0xF81F,0xF81F,
  0xF81F,0xF81F,0xF81F,0xF81F,0xF81F,0xF81F,0xF81F,0xF81F,0xF81F,0xF81F,0xF81F,0xF81F,0xF81F,0xF81F,0xF81F,0xF81F,
  0xF81F,0xF81F,0xF81F,0xF81F,0xC7E8,0x6584,0x6585,0x6585,0x6585,0x6584,0x764B,0xF81F,0xF81F,0xF81F,0xF81F,0xF81F,
  0xF81F,0xF81F,0xF81F,0x6585,0x6585,0x6585,0x6585,0x6585,0x6585,0x6585,0x6585,0x6585,0xC7E9,0xF81F,0xF81F,0xF81F,
  0xF81F,0xF81F,0xF81F,0x6585,0x6585,0x6585,0x6585,0x6585,0x6585,0x6585,0x6585,0x6585,0xC7E9,0xF81F,0xF81F,0xF81F,
  0xF81F,0xF81F,0xF81F,0x5D64,0x5D64,0x5D64,0x54A7,0x4BE9,0x5467,0x5D64,0x5D64,0x5D64,0xBFE9,0xF81F,0xF81F,0xF81F,
  0xF81F,0xF81F,0xF81F,0x5D24,0x5D24,0x5D24,0x5466,0x4BA9,0x4C27,0x5D24,0x5D24,0x5D24,0xB7E9,0xF81F,0xF81F,0xF81F,
  0xF81F,0xF81F,0xF81F,0x5BEE,0x432A,0x432A,0x432A,0x432A,0x432A,0x432A,0x432A,0x430A,0x8DF8,0xF81F,0xF81F,0xF81F,
  0xF81F,0xF81F,0xFFFF,0x6C54,0x3A6D,0x3A6D,0x3A6D,0x3A6D,0x3A6D,0x3A6D,0x3A6D,0x3A6D,0x7D17,0xF81F,0xF81F,0xF81F,
  0xF81F,0xF81F,0xF81F,0x9E5C,0x8538,0x74B6,0x74B6,0x74B6,0x74B6,0x74B6,0x7CF7,0x8DBA,0xCFFF,0xF81F,0xF81F,0xF81F,
  0xF81F,0xF81F,0xF81F,0x7645,0xA6BE,0xB71F,0xB71F,0xB71F,0xB71F,0xB71F,0xB71F,0x9639,0xDFEB,0xF81F,0xF81F,0xF81F,
  0xF81F,0xF81F,0xFFF5,0x8632,0x42BC,0x42BD,0x53F6,0x5C34,0x5C34,0x5398,0x63FC,0x8E93,0xFFFF,0xF81F,0xF81F,0xF81F,
  0xF81F,0xF81F,0xFFFF,0x95DF,0x429B,0x3219,0x3A5B,0x3A7C,0x3A7C,0x3219,0x749C,0xB71F,0xFFFF,0xF81F,0xF81F,0xF81F,
  0xF81F,0xF81F,0xF81F,0xA69F,0x39EF,0x31CB,0x31EF,0x74BF,0x4ADE,0x3215,0x5357,0x8D99,0xFFFF,0xF81F,0xF81F,0xF81F,
  0xF81F,0xF81F,0xF81F,0xF81F,0x3186,0x3186,0x31A6,0xF81F,0x632C,0x3186,0x3186,0x3186,0xF81F,0xF81F,0xF81F,0xF81F,
  0xF81F,0xF81F,0xF81F,0xF81F,0x62EC,0x632C,0xF81F,0xF81F,0xF81F,0x630C,0x632C,0x6B2D,0xF81F,0xF81F,0xF81F,0xF81F,
  0xF81F,0xF81F,0xF81F,0xF81F,0xF81F,0xF81F,0xF81F,0xF81F,0xF81F,0xF81F,0xF81F,0xF81F,0xF81F,0xF81F,0xF81F,0xF81F,
  0xF81F,0xF81F,0xF81F,0xF81F,0xF81F,0xF81F,0xF81F,0xF81F,0xF81F,0xF81F,0xF81F,0xF81F,0xF81F,0xF81F,0xF81F,0xF81F,
  0xF81F,0xF81F,0xF81F,0xF81F,0xC7E8,0x6584,0x6585,0x6585,0x6585,0x6584,0x764B,0xF81F,0xF81F,0xF81F,0xF81F,0xF81F,
  0xF81F,0xF81F,0xF81F,0x6585,0x6585,0x6585,0x6585,0x6585,0x6585,0x6585,0x6585,0x6585,0xC7E9,0xF81F,0xF81F,0xF81F,
  0xF81F,0xF81F,0xF81F,0x6585,0x6585,0x6585,0x6585,0x6585,0x6585,0x6585,0x6585,0x6585,0xC7E9,0xF81F,0xF81F,0xF81F,
  0xF81F,0xF81F,0xF81F,0x5D64,0x5D64,0x5D64,0x54A7,0x4BE9,0x5467,0x5D64,0x5D64,0x5D64,0xBFE9,0xF81F,0xF81F,0xF81F,
  0xF81F,0xF81F,0xF81F,0x5D24,0x5D24,0x5D24,0x5466,0x4BA9,0x4C27,0x5D24,0x5D24,0x5D24,0xB7E9,0xF81F,0xF81F,0xF81F,
  0xF81F,0xF81F,0xF81F,0x5BEE,0x432A,0x432A,0x432A,0x432A,0x432A,0x432A,0x432A,0x430A,0x8DF8,0xF81F,0xF81F,0xF81F,
  0xF81F,0xF81F,0xFFFF,0x6C54,0x3A6D,0x3A6D,0x3A6D,0x3A6D,0x3A6D,0x3A6D,0x3A6D,0x3A6D,0x7D17,0xF81F,0xF81F,0xF81F,
  0xF81F,0xF81F,0xF81F,0x9E5C,0x8538,0x74B6,0x74B6,0x74B6,0x74B6,0x74B6,0x7CF7,0x8DBA,0xCFFF,0xF81F,0xF81F,0xF81F,
  0xF81F,0xF81F,0xF81F,0x7645,0xA6BE,0xB71F,0xB71F,0xB71F,0xB71F,0xB71F,0xB71F,0x9E3D,0xDFEB,0xF81F,0xF81F,0xF81F,
  0xF81F,0xF81F,0xEFEE,0x8632,0x42BC,0x42BD,0x53F6,0x5C34,0x5C34,0x5398,0x42BD,0x42BB,0xFFFF,0xF81F,0xF81F,0xF81F,
  0xF81F,0xF81F,0xFFFF,0x95DF,0x429B,0x3219,0x3A5B,0x3A7C,0x3A7C,0x3219,0x429B,0x3A7C,0xFFFF,0xF81F,0xF81F,0xF81F,
  0xF81F,0xF81F,0xF81F,0xA69F,0x3A34,0x3216,0x3A13,0x74BF,0x4ADE,0x3215,0x3A36,0x3A33,0xFFFF,0xF81F,0xF81F,0xF81F,
  0xF81F,0xF81F,0xF81F,0xF81F,0x3186,0x3186,0x31A6,0xF81F,0x632C,0x3186,0x3186,0x3186,0xF81F,0xF81F,0xF81F,0xF81F,
  0xF81F,0xF81F,0xF81F,0xF81F,0x62EC,0x632C,0xF81F,0xF81F,0xF81F,0x630C,0x632C,0x6B2D,0xF81F,0xF81F,0xF81F,0xF81F,
  0xF81F,0xF81F,0xF81F,0xF81F,0xF81F,0xF81F,0xF81F,0xF81F,0xF81F,0xF81F,0xF81F,0xF81F,0xF81F,0xF81F,0xF81F,0xF81F,
  0xF81F,0xF81F,0xF81F,0xF81F,0xF81F,0xF81F,0xF81F,0xF81F,0xF81F,0xF81F,0xF81F,0xF81F,0xF81F,0xF81F,0xF81F,0xF81F,
  0xF81F,0xF81F,0xF81F,0xF81F,0xC7E8,0x6584,0x6585,0x6585,0x6585,0x6584,0x764B,0xF81F,0xF81F,0xF81F,0xF81F,0xF81F,
  0xF81F,0xF81F,0xF81F,0x6585,0x6585,0x6585,0x6585,0x6585,0x6585,0x6585,0x6585,0x6585,0xC7E9,0xF81F,0xF81F,0xF81F,
  0xF81F,0xF81F,0xF81F,0x6585,0x6585,0x6585,0x6585,0x6585,0x6585,0x6585,0x6585,0x6585,0xC7E9,0xF81F,0xF81F,0xF81F,
  0xF81F,0xF81F,0xF81F,0x5D64,0x5D64,0x5D64,0x54A7,0x4BE9,0x5467,0x5D64,0x5D64,0x5D64,0xBFE9,0xF81F,0xF81F,0xF81F,
  0xF81F,0xF81F,0xF81F,0x5D24,0x5D24,0x5D24,0x5466,0x4BA9,0x4C27,0x5D24,0x5D24,0x5D24,0xB7E9,0xF81F,0xF81F,0xF81F,
  0xF81F,0xF81F,0xF81F,0x5BEE,0x432A,0x432A,0x432A,0x432A,0x432A,0x432A,0x432A,0x430A,0x8DF8,0xF81F,0xF81F,0xF81F,
  0xF81F,0xF81F,0xFFFF,0x6C54,0x3A6D,0x3A6D,0x3A6D,0x3A6D,0x3A6D,0x3A6D,0x3A6D,0x3A6D,0x7D17,0xF81F,0xF81F,0xF81F,
  0xF81F,0xF81F,0xF81F,0x9E5C,0x8538,0x74B6,0x74B6,0x74B6,0x74B6,0x74B6,0x7CF7,0x8DBA,0xCFFF,0xF81F,0xF81F,0xF81F,
  0xF81F,0xF81F,0xF81F,0x7645,0xA6BC,0xB71F,0xB71F,0xB71F,0xB71F,0xB71F,0xB71F,0x9E3D,0xDFEB,0xF81F,0xF81F,0xF81F,
  0xF81F,0xF81F,0xFFF5,0x96B2,0x85B9,0x42BD,0x53F6,0x5C34,0x5C34,0x5398,0x42BD,0x42BB,0xFFFF,0xF81F,0xF81F,0xF81F,
  0xF81F,0xF81F,0xFFFF,0xB71F,0xAEFF,0x3239,0x3A5B,0x3A7C,0x3A7C,0x3219,0x429B,0x3A7C,0xFFFF,0xF81F,0xF81F,0xF81F,
  0xF81F,0xF81F,0xF81F,0xB71F,0x7498,0x3216,0x3A13,0x74BF,0x4ADC,0x31CE,0x31EE,0x3A32,0xFFFF,0xF81F,0xF81F,0xF81F,
  0xF81F,0xF81F,0xF81F,0xF81F,0x3186,0x3186,0x31A6,0xF81F,0x632C,0x3186,0x3186,0x3186,0xF81F,0xF81F,0xF81F,0xF81F,
  0xF81F,0xF81F,0xF81F,0xF81F,0x62EC,0x632C,0xF81F,0xF81F,0xF81F,0x630C,0x632C,0x6B2D,0xF81F,0xF81F,0xF81F,0xF81F,
  0xF81F,0xF81F,0xF81F,0xF81F,0xF81F,0xF81F,0xF81F,0xF81F,0xF81F,0xF81F,0xF81F,0xF81F,0xF81F,0xF81F,0xF81F,0xF81F,
  0xF81F,0xF81F,0xF81F,0xF81F,0xF81F,0xF81F,0xF81F,0xF81F,0xF81F,0xF81F,0xF81F,0xF81F,0xF81F,0xF81F,0xF81F,0xF81F,
  0xF81F,0xF81F,0xF81F,0xF81F,0xC7E8,0x6584,0x6585,0x6585,0x6585,0x6584,0x764B,0xF81F,0xF81F,0xF81F,0xF81F,0xF81F,
  0xF81F,0xF81F,0xF81F,0x6585,0x6585,0x6585,0x6DA6,0x860A,0x75C7,0x6585,0x6585,0x6585,0xC7E9,0xF81F,0xF81F,0xF81F,
  0xF81F,0xF81F,0xF81F,0x6585,0x6585,0x6585,0xB6D3,0xFFFF,0xEFBC,0x6DA6,0x6585,0x6585,0xC7E9,0xF81F,0xF81F,0xF81F,
  0xF81F,0xF81F,0xF81F,0x6DE5,0x6DE5,0x6DE5,0xAEF0,0xBF32,0xBF32,0x9EAD,0x6DE5,0x6DE5,0xD7EA,0xF81F,0xF81F,0xF81F,
  0xF81F,0xF81F,0xF81F,0x7645,0x7665,0x7665,0x7665,0x7665,0x7665,0x7665,0x7665,0x7665,0xDFEB,0xF81F,0xF81F,0xF81F,
  0xF81F,0xF81F,0xF81F,0x74F2,0x85D5,0x648F,0x9677,0xA6D9,0xA6D9,0x8DF5,0x85B4,0x8DF5,0xA6FC,0xF81F,0xF81F,0xF81F,
  0xF81F,0xF81F,0xFFFF,0x9E5C,0x9E1C,0x3A6D,0x9E1C,0xA6BE,0xAEDF,0x8538,0x74B6,0xB71F,0x9E3C,0xF81F,0xF81F,0xF81F,
  0xF81F,0xF81F,0xF81F,0xA6BE,0xB6FF,0x9E1C,0x7D18,0x6434,0x6C75,0x9E1C,0xA69E,0xB71F,0xD7FF,0xF81F,0xF81F,0xF81F,
  0xF81F,0xF81F,0xF81F,0x7645,0xA6BC,0xB71F,0x9E3C,0x7CF7,0x8D99,0xB6FF,0xB71F,0x9639,0xDFEB,0xF81F,0xF81F,0xF81F,
  0xF81F,0xF81F,0xEFEE,0x96B2,0x85B9,0x42BD,0x53F6,0x5C34,0x5C34,0x5398,0x63FC,0x8E93,0xFFFF,0xF81F,0xF81F,0xF81F,
  0xF81F,0xF81F,0xFFFF,0xB71F,0xAEFF,0x3A7C,0x3A5B,0x3219,0x3A3B,0x3A7C,0x74BE,0xB71F,0xFFFF,0xF81F,0xF81F,0xF81F,
  0xF81F,0xF81F,0xF81F,0xB71F,0x7499,0x3A37,0x31F3,0x6C3F,0x429B,0x3A16,0x5B78,0x8D99,0xFFFF,0xF81F,0xF81F,0xF81F,
  0xF81F,0xF81F,0xF81F,0xF81F,0x3186,0x3186,0x31A6,0xF81F,0x632C,0x3186,0x3186,0x3186,0xF81F,0xF81F,0xF81F,0xF81F,
  0xF81F,0xF81F,0xF81F,0xF81F,0x62EC,0x632C,0xF81F,0xF81F,0xF81F,0x630C,0x632C,0x6B2D,0xF81F,0xF81F,0xF81F,0xF81F,
  0xF81F,0xF81F,0xF81F,0xF81F,0xF81F,0xF81F,0xF81F,0xF81F,0xF81F,0xF81F,0xF81F,0xF81F,0xF81F,0xF81F,0xF81F,0xF81F,
  0xF81F,0xF81F,0xF81F,0xF81F,0xF81F,0xF81F,0xF81F,0xF81F,0xF81F,0xF81F,0xF81F,0xF81F,0xF81F,0xF81F,0xF81F,0xF81F,
  0xF81F,0xF81F,0xF81F,0xF81F,0xC7E8,0x6584,0x6585,0x6585,0x6585,0x6584,0x764B,0xF81F,0xF81F,0xF81F,0xF81F,0xF81F,
  0xF81F,0xF81F,0xF81F,0x6585,0x6585,0x6585,0x6DA6,0x860A,0x75C7,0x6585,0x6585,0x6585,0xC7E9,0xF81F,0xF81F,0xF81F,
  0xF81F,0xF81F,0xF81F,0x6585,0x6585,0x6585,0xB6D3,0xFFFF,0xEFBC,0x6DA6,0x6585,0x6585,0xC7E9,0xF81F,0xF81F,0xF81F,
  0xF81F,0xF81F,0xF81F,0x6DE5,0x6DE5,0x6DE5,0xAEF0,0xBF32,0xBF32,0x9EAD,0x6DE5,0x6DE5,0xD7EA,0xF81F,0xF81F,0xF81F,
  0xF81F,0xF81F,0xF81F,0x7645,0x7665,0x7665,0x7665,0x7665,0x7665,0x7665,0x7665,0x7665,0xDFEB,0xF81F,0xF81F,0xF81F,
  0xF81F,0xF81F,0xF81F,0x74F2,0x85D5,0x648F,0x9677,0xA6D9,0xA6D9,0x8DF5,0x85B4,0x8DF5,0xA6FC,0xF81F,0xF81F,0xF81F,
  0xF81F,0xF81F,0xFFFF,0x9E5C,0x9E1C,0x3A6D,0x9E1C,0xA6BE,0xAEDF,0x8538,0x74B6,0xB71F,0x9E3C,0xF81F,0xF81F,0xF81F,
  0xF81F,0xF81F,0xF81F,0xA6BE,0xB6FF,0x9E1C,0x7D18,0x6434,0x6C75,0x9E1C,0xA69E,0xB71F,0xD7FF,0xF81F,0xF81F,0xF81F,
  0xF81F,0xF81F,0xF81F,0x7645,0xA6BE,0xB71F,0x9E3C,0x7CF7,0x8D99,0xB6FF,0xB71F,0x9639,0xDFEB,0xF81F,0xF81F,0xF81F,
  0xF81F,0xF81F,0xFFF5,0x8632,0x42BC,0x42BD,0x53F6,0x5C34,0x5C34,0x5398,0x63FC,0x8E93,0xFFFF,0xF81F,0xF81F,0xF81F,
  0xF81F,0xF81F,0xFFFF,0x95DF,0x3A7C,0x3A7C,0x3A5C,0x3239,0x3A5B,0x3A7C,0x74BE,0xB71F,0xFFFF,0xF81F,0xF81F,0xF81F,
  0xF81F,0xF81F,0xF81F,0xA69F,0x3A0F,0x31CC,0x31EF,0x6C3F,0x429B,0x3A36,0x5B78,0x8D99,0xFFFF,0xF81F,0xF81F,0xF81F,
  0xF81F,0xF81F,0xF81F,0xF81F,0x3186,0x3186,0x31A6,0xF81F,0x632C,0x3186,0x3186,0x3186,0xF81F,0xF81F,0xF81F,0xF81F,
  0xF81F,0xF81F,0xF81F,0xF81F,0x62EC,0x632C,0xF81F,0xF81F,0xF81F,0x630C,0x632C,0x6B2D,0xF81F,0xF81F,0xF81F,0xF81F,
  0xF81F,0xF81F,0xF81F,0xF81F,0xF81F,0xF81F,0xF81F,0xF81F,0xF81F,0xF81F,0xF81F,0xF81F,0xF81F,0xF81F,0xF81F,0xF81F,
  0xF81F,0xF81F,0xF81F,0xF81F,0xF81F,0xF81F,0xF81F,0xF81F,0xF81F,0xF81F,0xF81F,0xF81F,0xF81F,0xF81F,0xF81F,0xF81F,
  0xF81F,0xF81F,0xF81F,0xF81F,0xC7E8,0x6584,0x6585,0x6585,0x6585,0x6584,0x764B,0xF81F,0xF81F,0xF81F,0xF81F,0xF81F,
  0xF81F,0xF81F,0xF81F,0x6585,0x6585,0x6585,0x6DA6,0x860A,0x75C7,0x6585,0x6585,0x6585,0xC7E9,0xF81F,0xF81F,0xF81F,
  0xF81F,0xF81F,0xF81F,0x6585,0x6585,0x6585,0xB6D3,0xFFFF,0xEFBC,0x6DA6,0x6585,0x6585,0xC7E9,0xF81F,0xF81F,0xF81F,
  0xF81F,0xF81F,0xF81F,0x6DE5,0x6DE5,0x6DE5,0xAEF0,0xBF32,0xBF32,0x9EAD,0x6DE5,0x6DE5,0xD7EA,0xF81F,0xF81F,0xF81F,
  0xF81F,0xF81F,0xF81F,0x7645,0x7665,0x7665,0x7665,0x7665,0x7665,0x7665,0x7665,0x7665,0xDFEB,0xF81F,0xF81F,0xF81F,
  0xF81F,0xF81F,0xF81F,0x74F2,0x85D5,0x648F,0x9677,0xA6D9,0xA6D9,0x8DF5,0x85B4,0x8DF5,0xA6FC,0xF81F,0xF81F,0xF81F,
  0xF81F,0xF81F,0xFFFF,0x9E5C,0x9E1C,0x3A6D,0x9E1C,0xA6BE,0xAEDF,0x8538,0x74B6,0xB71F,0x9E3C,0xF81F,0xF81F,0xF81F,
  0xF81F,0xF81F,0xF81F,0xA6BE,0xB6FF,0x9E1C,0x7D18,0x6434,0x6C75,0x9E1C,0xA69E,0xB71F,0xD7FF,0xF81F,0xF81F,0xF81F,
  0xF81F,0xF81F,0xF81F,0x7645,0xA6BC,0xB71F,0x9E3C,0x7CF7,0x8D99,0xB6FF,0xB71F,0x9639,0xDFEB,0xF81F,0xF81F,0xF81F,
  0xF81F,0xF81F,0xEFEE,0x96B2,0x85B9,0x42BD,0x53F6,0x5C34,0x5C34,0x5398,0x63FC,0x8E93,0xFFFF,0xF81F,0xF81F,0xF81F,
  0xF81F,0xF81F,0xFFFF,0xB71F,0xAEFF,0x3A7C,0x3A5B,0x3219,0x3A3B,0x3A7C,0x74BE,0xB71F,0xFFFF,0xF81F,0xF81F,0xF81F,
  0xF81F,0xF81F,0xF81F,0xB71F,0x7499,0x3A37,0x31F3,0x6C3F,0x429B,0x3A16,0x5B78,0x8D99,0xFFFF,0xF81F,0xF81F,0xF81F,
  0xF81F,0xF81F,0xF81F,0xF81F,0x3186,0x3186,0x31A6,0xF81F,0x632C,0x3186,0x3186,0x3186,0xF81F,0xF81F,0xF81F,0xF81F,
  0xF81F,0xF81F,0xF81F,0xF81F,0x62EC,0x632C,0xF81F,0xF81F,0xF81F,0x630C,0x632C,0x6B2D,0xF81F,0xF81F,0xF81F,0xF81F,
  0xF81F,0xF81F,0xF81F,0xF81F,0xF81F,0xF81F,0xF81F,0xF81F,0xF81F,0xF81F,0xF81F,0xF81F,0xF81F,0xF81F,0xF81F,0xF81F,
  0xF81F,0xF81F,0xF81F,0xF81F,0xF81F,0xF81F,0xF81F,0xF81F,0xF81F,0xF81F,0xF81F,0xF81F,0xF81F,0xF81F,0xF81F,0xF81F,
  0xF81F,0xF81F,0xF81F,0xF81F,0xC7E8,0x6584,0x6585,0x6585,0x6585,0x6584,0x764B,0xF81F,0xF81F,0xF81F,0xF81F,0xF81F,
  0xF81F,0xF81F,0xF81F,0x6585,0x6585,0x6585,0x6DA6,0x860A,0x75C7,0x6585,0x6585,0x6585,0xC7E9,0xF81F,0xF81F,0xF81F,
  0xF81F,0xF81F,0xF81F,0x6585,0x6585,0x6585,0xB6D3,0xFFFF,0xEFBC,0x6DA6,0x6585,0x6585,0xC7E9,0xF81F,0xF81F,0xF81F,
  0xF81F,0xF81F,0xF81F,0x6DE5,0x6DE5,0x6DE5,0xAEF0,0xBF32,0xBF32,0x9EAD,0x6DE5,0x6DE5,0xD7EA,0xF81F,0xF81F,0xF81F,
  0xF81F,0xF81F,0xF81F,0x7645,0x7665,0x7665,0x7665,0x7665,0x7665,0x7665,0x7665,0x7665,0xDFEB,0xF81F,0xF81F,0xF81F,
  0xF81F,0xF81F,0xF81F,0x74F2,0x85D5,0x648F,0x9677,0xA6D9,0xA6D9,0x8DF5,0x85B4,0x8DF5,0xA6FC,0xF81F,0xF81F,0xF81F,
  0xF81F,0xF81F,0xFFFF,0x9E5C,0x9E1C,0x3A6D,0x9E1C,0xA6BE,0xAEDF,0x8538,0x74B6,0xB71F,0x9E3C,0xF81F,0xF81F,0xF81F,
  0xF81F,0xF81F,0xF81F,0xA6BE,0xB6FF,0x9E1C,0x7D18,0x6434,0x6C75,0x9E1C,0xA69E,0xB71F,0xD7FF,0xF81F,0xF81F,0xF81F,
  0xF81F,0xF81F,0xF81F,0x7645,0xA6BC,0xB71F,0x9E3C,0x7CF7,0x8D99,0xB6FF,0xB71F,0x9E3D,0xDFEB,0xF81F,0xF81F,0xF81F,
  0xF81F,0xF81F,0xFFF5,0x96B2,0x85B9,0x42BD,0x53F6,0x5C34,0x5C34,0x5398,0x42BD,0x42BB,0xFFFF,0xF81F,0xF81F,0xF81F,
  0xF81F,0xF81F,0xFFFF,0xB71F,0xAEFF,0x3A7C,0x3A5C,0x3239,0x3A5B,0x3A7C,0x3A7C,0x3A7C,0xFFFF,0xF81F,0xF81F,0xF81F,
  0xF81F,0xF81F,0xF81F,0xB71F,0x7499,0x3A37,0x3213,0x6C3F,0x4299,0x31EF,0x31EE,0x3A32,0xFFFF,0xF81F,0xF81F,0xF81F,
  0xF81F,0xF81F,0xF81F,0xF81F,0x3186,0x3186,0x31A6,0xF81F,0x632C,0x3186,0x3186,0x3186,0xF81F,0xF81F,0xF81F,0xF81F,
  0xF81F,0xF81F,0xF81F,0xF81F,0x62EC,0x632C,0xF81F,0xF81F,0xF81F,0x630C,0x632C,0x6B2D,0xF81F,0xF81F,0xF81F,0xF81F,
  0xF81F,0xF81F,0xF81F,0xF81F,0xF81F,0xF81F,0xF81F,0xF81F,0xF81F,0xF81F,0xF81F,0xF81F,0xF81F,0xF81F,0xF81F,0xF81F,
};

const uint16_t TILES_12[3024] = {
  0x9CD0,0xA4F0,0x9CAF,0x948F,0x9CAF,0x9CAF,0x9CAF,0x946E,0x948F,0x9CAF,0x9CAF,0x946E,0xA4F0,0xA4F0,0x9CD0,0x8C6E,
  0x94AF,0x9CAF,0x948F,0x9CAF,0x948F,0x94AF,0x948F,0x946E,0x9CAF,0x9CD0,0x948F,0x8C6E,0x8C6E,0x946E,0x948F,0xA4F0,
  0x9CD0,0x8C6E,0x946F,0x948F,0x948F,0x8C6E,0x948F,0x948F,0x8C6E,0x946E,0x946E,0x948F,0x8C6E,0x946E,0x94AF,0x9CAF,
  0x9CAF,0x948F,0x948F,0x948F,0x948F,0x94AF,0x94AF,0x946F,0x8C6E,0x948F,0x9CAF,0x9CAF,0x9CAF,0x946F,0x8C4E,0x946E,
  0x94AF,0x9CAF,0x9CAF,0x94AF,0x946E,0x948F,0x9CAF,0x9CAF,0x948F,0x8C4E,0x946E,0x8C6E,0x94AF,0x9CAF,0x9CAF,0x94AF,
  0x8C6E,0x8C6E,0x948F,0x94AF,0x8C6E,0x948F,0x9CAF,0x948F,0x948F,0x94AF,0x94AF,0x946E,0x9CAF,0x9CD0,0x946E,0x8C6E,
  0x8C4E,0x948F,0x9CAF,0x9CAF,0x8C6E,0x8C6E,0x8C6E,0x946E,0x9CF0,0xA4F0,0x9CF0,0x8C4E,0x946E,0x8C6E,0x948F,0x946E,
  0x8C6E,0x8C6E,0x8C6E,0x8C4E,0x9CD0,0xA4F0,0x94AF,0x94AF,0x9CD0,0x8C4E,0x8C4E,0x8C4E,0x948F,0x9CAF,0x948F,0x8C4E,
  0x8C4E,0x946F,0x948F,0xA4F0,0x946E,0x948F,0x8C4E,0x948F,0x9CAF,0x9CAF,0x9CAF,0x948F,0x8C4E,0x948F,0x948F,0x94AF,
  0x31A6,0x39E7,0x4208,0x4228,0x39E7,0x4208,0x4228,0x39E7,0x39E7,0x4228,0x39E7,0x3186,0x4208,0x4A49,0x4A69,0x528A,
  0x4A49,0x4A49,0x52AA,0x4A69,0x4A49,0x528A,0x4A69,0x39C7,0x4228,0x52AA,0x4A69,0x4A69,0x52AA,0x528A,0x4A69,0x528A,
  0x52AA,0x4A69,0x4A69,0x39E7,0x4208,0x52AA,0x4A69,0x4A69,0x528A,0x528A,0x4A69,0x4A69,0x52AA,0x4A69,0x4A69,0x39E7,
  0x4208,0x4A49,0x4A69,0x528A,0x4A49,0x4A49,0x52AA,0x4A49,0x4A49,0x528A,0x4A69,0x39C7,0x4228,0x528A,0x528A,0x52AA,
  0x528A,0x528A,0x5ACB,0x528A,0x528A,0x52AA,0x52AA,0x39E7,0x4208,0x528A,0x4A49,0x4A49,0x528A,0x4A69,0x4A49,0x4A49,
  0x528A,0x4A49,0x4A49,0x39E7,0x4208,0x5ACB,0x528A,0x528A,0x52AA,0x528A,0x528A,0x528A,0x52AA,0x528A,0x528A,0x4208,
  0x4208,0x4A49,0x4A69,0x528A,0x4A49,0x4A49,0x528A,0x4A49,0x4A49,0x528A,0x4A69,0x39C7,0x4228,0x528A,0x528A,0x528A,
  0x528A,0x528A,0x52AA,0x528A,0x528A,0x52AA,0x528A,0x39E7,0x39E7,0x528A,0x4A49,0x4A49,0x528A,0x4A69,0x4A49,0x4A49,
  0x528A,0x4A49,0x4A49,0x39C7,0x3186,0x39C7,0x39C7,0x39C7,0x39C7,0x39C7,0x39C7,0x39C7,0x39E7,0x39C7,0x31A6,0x3186,
  0x9CD0,0xA4F0,0x9CD0,0x9CD0,0x9CD0,0x9CAF,0x9CAF,0x9CAF,0x9CAF,0x9CD0,0x9CAF,0x948F,0xA4F0,0x632A,0x5288,0x5288,
  0x5288,0x9CAF,0x94AF,0x5288,0x5288,0x5288,0x632A,0x9CAF,0x9CD0,0x5288,0x94AF,0x946E,0x8C6E,0x948F,0x94AF,0xA4F0,
  0x9CD0,0x946F,0x5288,0x9CAF,0x9CD0,0x5288,0x9CAF,0x9CAF,0x946E,0x946F,0x948F,0x9CAF,0x948F,0x948F,0x5288,0x9CD0,
  0x9CD0,0x5288,0x948F,0x948F,0x948F,0x9CAF,0x9CAF,0x948F,0x946E,0x9CAF,0x5288,0x9CD0,0x9CAF,0x948F,0x8C6E,0x948F,
  0x9CAF,0x9CAF,0x9CAF,0x9CAF,0x948F,0x94AF,0x9CAF,0x9CAF,0x948F,0x8C6E,0x948F,0x946F,0x9CAF,0x9CAF,0x9CAF,0x9CAF,
  0x948F,0x946E,0x94AF,0x9CAF,0x948F,0x5288,0x9CAF,0x94AF,0x948F,0x9CAF,0x9CAF,0x948F,0x9CAF,0xA4F0,0x5288,0x94AF,
  0x948F,0x5288,0x9CAF,0x9CAF,0x946E,0x946F,0x946E,0x948F,0xA4F0,0xA4F0,0x5288,0x948F,0x9CAF,0x5288,0x94AF,0x946F,
  0x8C6E,0x948F,0x8C6E,0x946E,0x9CD0,0xA4F0,0x5288,0x9CD0,0xA4F0,0x632A,0x5288,0x5288,0x5288,0x9CAF,0x948F,0x5288,
  0x5288,0x5288,0x632A,0xA4F0,0x948F,0x94AF,0x948F,0x9CD0,0x9CD0,0x9CAF,0x9CAF,0x9CAF,0x94AF,0x9CD0,0x9CAF,0x9CAF,
  0x530E,0x6C12,0x6C12,0x6C12,0x6C12,0x6C12,0x6C12,0x6C12,0x6C12,0x6C12,0x6C12,0x530F,0x42AD,0x5B50,0x5B50,0x5B50,
  0x5B50,0x5B50,0x5B50,0x5B50,0x5B50,0x5B50,0x5B50,0x42AD,0x534F,0x530F,0x4AAD,0x428D,0x530F,0x4AEE,0x4AEE,0x530F,
  0x428D,0x4ACD,0x52EE,0x532F,0x5B91,0x5B50,0x63D2,0x63D2,0x5B70,0x6C13,0x6C13,0x5B70,0x63D2,0x7433,0x5B50,0x5B91,
  0x5B91,0x5B50,0x4ACE,0x7454,0x7434,0x532F,0x5B50,0x7433,0x7454,0x4AEE,0x532F,0x5B91,0x5B91,0x5B70,0x532F,0x4AAD,
  0x6391,0x63B1,0x7474,0x6BD2,0x4AAD,0x5B50,0x5B50,0x5B91,0x5B91,0x5B70,0x63B1,0x5B50,0x7454,0x7454,0x5B70,0x532F,
  0x532F,0x6BF2,0x5B50,0x5B91,0x63D1,0x5B91,0x5B50,0x9557,0x7433,0x52EE,0x4AEE,0x63D2,0x7474,0x5B50,0x5B70,0x63B1,
  0x6C12,0x6BD2,0x7433,0x63B1,0x4ACE,0x6391,0x6391,0x4ACE,0x5B50,0x7433,0x63B1,0x6C12,0x7453,0x6C12,0x4AAD,0x52EE,
  0x6C13,0x6C13,0x6C13,0x6C13,0x4AEE,0x4AAD,0x6BD1,0x7453,0x530F,0x63D1,0x6BF2,0x6BF2,0x7432,0x7412,0x7412,0x7432,
  0x6BF2,0x6BF2,0x63D1,0x530E,0x426C,0x4AEE,0x4AEE,0x4AEE,0x4AEE,0x4AEE,0x4AEE,0x4AEE,0x4AEE,0x4AEE,0x4AEE,0x426C,
  0x1AD1,0x33D5,0x33D5,0x33D5,0x33D5,0x33D5,0x33D5,0x33D5,0x33D5,0x33D5,0x33D5,0x1AF1,0x0A70,0x1312,0x1B13,0x1B13,
  0x1B13,0x1B13,0x1B13,0x1B13,0x1B13,0x1B13,0x1B12,0x0A70,0x1312,0x12D2,0x0A70,0x0A4F,0x12D2,0x12B1,0x12B1,0x12D2,
  0x0A50,0x0A70,0x12B1,0x12F2,0x1B54,0x1B13,0x1B95,0x2395,0x1B33,0x23D6,0x23D6,0x1B33,0x2395,0x23F7,0x1B13,0x1B54,
  0x1B54,0x1313,0x0A90,0x2C17,0x23F7,0x12D2,0x1B13,0x23F7,0x2C17,0x12B1,0x12F2,0x1B54,0x1B54,0x1B33,0x12F2,0x0A70,
  0x1B54,0x1B74,0x2C38,0x2395,0x0A70,0x1B13,0x1B13,0x1B54,0x1B54,0x1B33,0x1B74,0x1B13,0x3417,0x2C17,0x1B33,0x12F2,
  0x12F2,0x23B5,0x1B13,0x1B54,0x2394,0x1B53,0x2312,0x551A,0x2BF6,0x12B1,0x12B1,0x2395,0x2C38,0x1B13,0x1B33,0x2374,
  0x33D5,0x2BB5,0x2BF6,0x2374,0x0A90,0x1B54,0x1B54,0x1291,0x1B13,0x23F7,0x2B74,0x33D5,0x4436,0x33D5,0x0A70,0x12B1,
  0x23D6,0x23D6,0x23D6,0x23D6,0x12B1,0x1270,0x3394,0x3C16,0x1AD1,0x2B94,0x3BB4,0x3BD4,0x3BF5,0x3BF5,0x3BF5,0x3BF5,
  0x3BD4,0x3BB4,0x2B94,0x1AD1,0x0A2F,0x12B1,0x0AB1,0x0AB1,0x0AB1,0x0AB1,0x0AB1,0x0AB1,0x0AB1,0x0AB1,0x12B1,0x0A2F,
  0xF81F,0xF81F,0xF81F,0xF81F,0xF81F,0xF81F,0xF81F,0xF81F,0xF81F,0xF81F,0xF81F,0xF81F,0xF81F,0xF81F,0xF81F,0xBFEA,
  0x6585,0x6585,0x6585,0x6585,0xC7EA,0xF81F,0xF81F,0xF81F,0xF81F,0xF81F,0xF81F,0xFFFF,0x964C,0x6585,0x6585,0x6585,
  0x6585,0x6585,0xF81F,0xF81F,0xF81F,0xF81F,0xE7EB,0xD7F3,0xB712,0x6DE5,0x6DE5,0x6586,0x5D45,0x6585,0xF81F,0xF81F,
  0xF81F,0xF81F,0xE7EB,0xB7F2,0x8EB1,0x8E8F,0x868D,0x6587,0x6DC6,0x6587,0xF81F,0xF81F,0xF81F,0xF81F,0xF81F,0xEFFF,
  0xB71F,0x42CF,0xB71F,0xAEFF,0x7CD6,0x3A6D,0xF81F,0xF81F,0xF81F,0xF81F,0xF81F,0x9E5E,0x5BD2,0x9E3C,0xB71F,0xB71F,
  0x9E3C,0x6C34,0xF81F,0xF81F,0xF81F,0xF81F,0xF81F,0xE7F9,0x85F0,0x9637,0x8DDA,0x96D4,0x857C,0xF7FF,0xF81F,0xF81F,
  0xF81F,0xF81F,0xF81F,0x859F,0x3A9C,0x3A7C,0x74BE,0xB71F,0x6479,0x74BF,0xF81F,0xF81F,0xF81F,0xF81F,0xF81F,0x7CBF,
  0x3A7C,0x3A37,0x4AF0,0x7453,0x535D,0x7CBF,0xF81F,0xF81F,0xF81F,0xF81F,0xF81F,0xF81F,0xF81F,0x4949,0x3186,0x3186,
  0xF81F,0xF81F,0xF81F,0xF81F,0xF81F,0xF81F,0xF81F,0xF81F,0xF81F,0xF81F,0xF81F,0xF81F,0xF81F,0xF81F,0xF81F,0xF81F,
  0xF81F,0xF81F,0xF81F,0xF81F,0xF81F,0xF81F,0xF81F,0xF81F,0xF81F,0xF81F,0xF81F,0xF81F,0xF81F,0xF81F,0xF81F,0xBFEA,
  0x6585,0x6585,0x6585,0x6585,0xC7EA,0xF81F,0xF81F,0xF81F,0xF81F,0xF81F,0xF81F,0xFFFF,0x964C,0x6585,0x6585,0x6585,
  0x6585,0x6585,0xF81F,0xF81F,0xF81F,0xF81F,0xE7EB,0xD7F3,0xB712,0x6DE5,0x6DE5,0x65A6,0x6565,0x6585,0xF81F,0xF81F,
  0xF81F,0xF81F,0xE7EB,0xB7F2,0x8EB1,0x8E8F,0x868D,0x6587,0x6DC6,0x6587,0xF81F,0xF81F,0xF81F,0xF81F,0xF81F,0xEFFF,
  0xB71F,0x42CF,0xB71F,0xAEFF,0x7CD6,0x3A6D,0xF81F,0xF81F,0xF81F,0xF81F,0xF81F,0x9E5E,0x5BD2,0x9E3C,0xB71F,0xB71F,
  0x9E3C,0x6C34,0xF81F,0xF81F,0xF81F,0xF81F,0xF81F,0xE7F9,0x85F0,0x9637,0x853D,0x96D4,0x9657,0xF7FF,0xF81F,0xF81F,
  0xF81F,0xF81F,0xF81F,0x533A,0x3A9C,0x3A7C,0x42BB,0xA6DA,0xB71F,0xFFFF,0xF81F,0xF81F,0xF81F,0xF81F,0x6B4D,0x31ED,
  0x3A36,0x3A7C,0x3A7C,0x63FC,0x7478,0x424E,0x5ACB,0xF81F,0xF81F,0xF81F,0xF81F,0x4208,0x3186,0xF81F,0xF81F,0xF81F,
  0x3186,0x4A49,0xF81F,0xF81F,0xF81F,0xF81F,0xF81F,0xF81F,0xF81F,0xF81F,0xF81F,0xF81F,0xF81F,0xF81F,0xF81F,0xF81F,
  0xF81F,0xF81F,0xF81F,0xF81F,0xF81F,0xF81F,0xF81F,0xF81F,0xF81F,0xF81F,0xF81F,0xF81F,0xF81F,0xF81F,0xF81F,0xBFEA,
  0x6585,0x6585,0x6585,0x6585,0xC7EA,0xF81F,0xF81F,0xF81F,0xF81F,0xF81F,0xF81F,0xFFFF,0x964C,0x6585,0x6585,0x6585,
  0x6585,0x6585,0xF81F,0xF81F,0xF81F,0xF81F,0xE7EB,0xD7F3,0xB712,0x6DE5,0x6DE5,0x6586,0x5D45,0x6585,0xF81F,0xF81F,
  0xF81F,0xF81F,0xE7EB,0xB7F2,0x8EB1,0x8E8F,0x868D,0x6587,0x6DC6,0x6587,0xF81F,0xF81F,0xF81F,0xF81F,0xF81F,0xEFFF,
  0xB71F,0x42CF,0xB71F,0xAEFF,0x7CD6,0x3A6D,0xF81F,0xF81F,0xF81F,0xF81F,0xF81F,0x9E5E,0x5BD2,0x9E3C,0xB71F,0xB71F,
  0x9E3C,0x6C34,0xF81F,0xF81F,0xF81F,0xF81F,0xF81F,0xE7F9,0x85F0,0x9637,0x8DDA,0x96D4,0x857C,0xF7FF,0xF81F,0xF81F,
  0xF81F,0xF81F,0xF81F,0x859F,0x3A9C,0x3A7C,0x74BE,0xB71F,0x6479,0x74BF,0xF81F,0xF81F,0xF81F,0xF81F,0xF81F,0x7CBF,
  0x3A7C,0x3A37,0x4AF0,0x7453,0x535D,0x7CBF,0xF81F,0xF81F,0xF81F,0xF81F,0xF81F,0xF81F,0xF81F,0x4949,0x3186,0x3186,
  0xF81F,0xF81F,0xF81F,0xF81F,0xF81F,0xF81F,0xF81F,0xF81F,0xF81F,0xF81F,0xF81F,0xF81F,0xF81F,0xF81F,0xF81F,0xF81F,
  0xF81F,0xF81F,0xF81F,0xF81F,0xF81F,0xF81F,0xF81F,0xF81F,0xF81F,0xF81F,0xF81F,0xF81F,0xF81F,0xF81F,0xF81F,0xBFEA,
  0x6585,0x6585,0x6585,0x6585,0xC7EA,0xF81F,0xF81F,0xF81F,0xF81F,0xF81F,0xF81F,0xFFFF,0x860B,0x6585,0x6585,0x6585,
  0x6585,0x6585,0xF81F,0xF81F,0xF81F,0xF81F,0xE7EB,0xD7F3,0xAEF0,0x6DE5,0x6DE5,0x6586,0x5D45,0x6585,0xF81F,0xF81F,
  0xF81F,0xF81F,0xE7EB,0xB7F2,0x8EB1,0x8E8F,0x868D,0x6587,0x6DC6,0x6587,0xF81F,0xF81F,0xF81F,0xF81F,0xF81F,0xEFFF,
  0xB71F,0x42CF,0xB71F,0xAEDF,0x7CD6,0x3A6D,0xF81F,0xF81F,0xF81F,0xF81F,0xF81F,0x9E5E,0x5BD2,0x9E3C,0xB71F,0xB71F,
  0x9E3C,0x6434,0xF81F,0xF81F,0xF81F,0xF81F,0xF81F,0xE7F9,0x85F0,0x9637,0x961B,0x96D4,0x7D1E,0xF7FF,0xF81F,0xF81F,
  0xF81F,0xF81F,0xF81F,0x533A,0x3A9C,0x3A7C,0xA69F,0xAEFC,0x3A7C,0x74BF,0xF81F,0xF81F,0xF81F,0xF81F,0x6B4D,0x31ED,
  0x3A36,0x3A7C,0x5BBD,0x6C5D,0x3A36,0x31ED,0x5ACB,0xF81F,0xF81F,0xF81F,0xF81F,0x4208,0x3186,0xF81F,0xF81F,0xF81F,
  0x3186,0x4A49,0xF81F,0xF81F,0xF81F,0xF81F,0xF81F,0xF81F,0xF81F,0xF81F,0xF81F,0xF81F,0xF81F,0xF81F,0xF81F,0xF81F,
  0xF81F,0xF81F,0xF81F,0xF81F,0xF81F,0xF81F,0xF81F,0xF81F,0xF81F,0xF81F,0xF81F,0xF81F,0xF81F,0xF81F,0xF81F,0xC7E9,
  0x6585,0x6585,0x6585,0x6585,0xF81F,0xF81F,0xF81F,0xF81F,0xF81F,0xF81F,0x6585,0x6585,0x6585,0x6585,0x6585,0x860B,
  0xFFFF,0xF81F,0xF81F,0xF81F,0xF81F,0xF81F,0x6585,0x6545,0x6586,0x6DE5,0x6DE5,0xAEF0,0xD7F3,0xE7EB,0xF81F,0xF81F,
  0xF81F,0xF81F,0x65A7,0x6DC6,0x6587,0x868D,0x8EAF,0x8EB1,0xB7F3,0xE7EB,0xF81F,0xF81F,0xF81F,0xF81F,0x3A6D,0x8538,
  0xAEDF,0xB71F,0x7CF7,0xB71F,0xEFFF,0xF81F,0xF81F,0xF81F,0xF81F,0xF81F,0x6C75,0x9E3C,0xB71F,0xB71F,0x8DBA,0x5BD2,
  0xBF5F,0xF81F,0xF81F,0xF81F,0xF81F,0xF81F,0x74BE,0x8DF9,0x96D4,0x7D1E,0x8E55,0x85F0,0xB7F2,0xF81F,0xF81F,0xF81F,
  0xF81F,0xF81F,0x3A7C,0x74BE,0xB71F,0x537A,0x3A7C,0x42F9,0x971F,0xF81F,0xF81F,0xF81F,0xF81F,0xF81F,0x4B3F,0x5B9D,
  0x7453,0x39EE,0x3A37,0x3A7C,0xF81F,0xF81F,0xF81F,0xF81F,0xF81F,0xF81F,0xF81F,0xF81F,0x3186,0x31A6,0x62EC,0xF81F,
  0xF81F,0xF81F,0xF81F,0xF81F,0xF81F,0xF81F,0xF81F,0xF81F,0xF81F,0xF81F,0xF81F,0xF81F,0xF81F,0xF81F,0xF81F,0xF81F,
  0xF81F,0xF81F,0xF81F,0xF81F,0xF81F,0xF81F,0xF81F,0xF81F,0xF81F,0xF81F,0xF81F,0xF81F,0xF81F,0xF81F,0xF81F,0xC7E9,
  0x6585,0x6585,0x6585,0x6585,0xF81F,0xF81F,0xF81F,0xF81F,0xF81F,0xF81F,0x6585,0x6585,0x6585,0x6585,0x6585,0x860B,
  0xFFFF,0xF81F,0xF81F,0xF81F,0xF81F,0xF81F,0x6585,0x6565,0x65A6,0x6DE5,0x6DE5,0xAEF0,0xD7F3,0xE7EB,0xF81F,0xF81F,
  0xF81F,0xF81F,0x6DA7,0x6DC6,0x6587,0x868D,0x8EAF,0x8EB1,0xB7F3,0xE7EB,0xF81F,0xF81F,0xF81F,0xF81F,0x3A6D,0x8538,
  0xAEFF,0xB71F,0x7CF7,0xB71F,0xEFFF,0xF81F,0xF81F,0xF81F,0xF81F,0xF81F,0x74B6,0x9E3C,0xB71F,0xB71F,0x8DBA,0x5BD2,
  0xBF5F,0xF81F,0xF81F,0xF81F,0xF81F,0xF81F,0x74BE,0x9657,0x96D4,0x7D1E,0x8E17,0x85F0,0xB7F2,0xF81F,0xF81F,0xF81F,
  0xF81F,0xF81F,0x63FD,0xB71F,0xA6DA,0x3A7C,0x3A7C,0x3A9C,0x5378,0xF81F,0xF81F,0xF81F,0xF81F,0x5ACB,0x4272,0x7499,
  0x63FC,0x3A7C,0x3A5C,0x3A36,0x31CA,0x6B4D,0xF81F,0xF81F,0xF81F,0xF81F,0x4208,0x3126,0xF81F,0xF81F,0xF81F,0x3186,
  0x630C,0xF81F,0xF81F,0xF81F,0xF81F,0xF81F,0xF81F,0xF81F,0xF81F,0xF81F,0xF81F,0xF81F,0xF81F,0xF81F,0xF81F,0xF81F,
  0xF81F,0xF81F,0xF81F,0xF81F,0xF81F,0xF81F,0xF81F,0xF81F,0xF81F,0xF81F,0xF81F,0xF81F,0xF81F,0xF81F,0xF81F,0xC7E9,
  0x6585,0x6585,0x6585,0x6585,0xF81F,0xF81F,0xF81F,0xF81F,0xF81F,0xF81F,0x6585,0x6585,0x6585,0x6585,0x6585,0x860B,
  0xFFFF,0xF81F,0xF81F,0xF81F,0xF81F,0xF81F,0x6585,0x6545,0x6586,0x6DE5,0x6DE5,0xAEF0,0xD7F3,0xE7EB,0xF81F,0xF81F,
  0xF81F,0xF81F,0x65A7,0x6DC6,0x6587,0x868D,0x8EAF,0x8EB1,0xB7F3,0xE7EB,0xF81F,0xF81F,0xF81F,0xF81F,0x3A6D,0x8538,
  0xAEDF,0xB71F,0x7CF7,0xB71F,0xEFFF,0xF81F,0xF81F,0xF81F,0xF81F,0xF81F,0x6C75,0x9E3C,0xB71F,0xB71F,0x8DBA,0x5BD2,
  0xBF5F,0xF81F,0xF81F,0xF81F,0xF81F,0xF81F,0x74BE,0x8DF9,0x96D4,0x7D1E,0x8E55,0x85F0,0xB7F2,0xF81F,0xF81F,0xF81F,
  0xF81F,0xF81F,0x3A7C,0x74BE,0xB71F,0x537A,0x3A7C,0x42F9,0x971F,0xF81F,0xF81F,0xF81F,0xF81F,0xF81F,0x4B3F,0x5B9D,
  0x7453,0x39EE,0x3A37,0x3A7C,0xF81F,0xF81F,0xF81F,0xF81F,0xF81F,0xF81F,0xF81F,0xF81F,0x3186,0x31A6,0x62EC,0xF81F,
  0xF81F,0xF81F,0xF81F,0xF81F,0xF81F,0xF81F,0xF81F,0xF81F,0xF81F,0xF81F,0xF81F,0xF81F,0xF81F,0xF81F,0xF81F,0xF81F,
  0xF81F,0xF81F,0xF81F,0xF81F,0xF81F,0xF81F,0xF81F,0xF81F,0xF81F,0xF81F,0xF81F,0xF81F,0xF81F,0xF81F,0xF81F,0xC7E9,
  0x6585,0x6585,0x6585,0x6585,0xF81F,0xF81F,0xF81F,0xF81F,0xF81F,0xF81F,0x6585,0x6585,0x6585,0x6585,0x6585,0x860B,
  0xFFFF,0xF81F,0xF81F,0xF81F,0xF81F,0xF81F,0x6585,0x6545,0x6586,0x6DE5,0x6DE5,0xAEF0,0xD7F3,0xE7EB,0xF81F,0xF81F,
  0xF81F,0xF81F,0x65A7,0x6DC6,0x6587,0x868D,0x8EAF,0x8EB1,0xB7F3,0xE7EB,0xF81F,0xF81F,0xF81F,0xF81F,0x3A6D,0x8538,
  0xAEDF,0xB71F,0x7CF7,0xB71F,0xEFFF,0xF81F,0xF81F,0xF81F,0xF81F,0xF81F,0x6C75,0x9E3C,0xB71F,0xB71F,0x8DBA,0x5BD2,
  0xBF5F,0xF81F,0xF81F,0xF81F,0xF81F,0xF81F,0x74BE,0x859B,0x96D4,0x961B,0x8E17,0x85F0,0xB7F2,0xF81F,0xF81F,0xF81F,
  0xF81F,0xF81F,0x3A7C,0x4B58,0xAEFC,0xA69F,0x3A7C,0x3A9C,0x5378,0xF81F,0xF81F,0xF81F,0xF81F,0x5ACB,0x3A12,0x3A38,
  0x6C5D,0x5BBD,0x3A5C,0x3A36,0x31CA,0x6B4D,0xF81F,0xF81F,0xF81F,0xF81F,0x4208,0x3126,0xF81F,0xF81F,0xF81F,0x3186,
  0x630C,0xF81F,0xF81F,0xF81F,0xF81F,0xF81F,0xF81F,0xF81F,0xF81F,0xF81F,0xF81F,0xF81F,0xF81F,0xF81F,0xF81F,0xF81F,
  0xF81F,0xF81F,0xF81F,0xF81F,0xF81F,0xF81F,0xF81F,0xF81F,0xF81F,0xF81F,0xF81F,0xF81F,0xF81F,0xF81F,0xF81F,0x8746,
  0x6585,0x6585,0x6585,0x6585,0x97EB,0xF81F,0xF81F,0xF81F,0xF81F,0xF81F,0xC7E9,0x6585,0x6585,0x6585,0x6585,0x6585,
  0x6585,0xC7E9,0xF81F,0xF81F,0xF81F,0xF81F,0xBFE9,0x5D64,0x5D64,0x4BE9,0x5467,0x5D64,0x5D64,0xBFE9,0xF81F,0xF81F,
  0xF81F,0xF81F,0xA7ED,0x5486,0x5486,0x4BC8,0x4C08,0x5486,0x5486,0xA7EE,0xF81F,0xF81F,0xF81F,0xF81F,0x7D17,0x3A6D,
  0x3A6D,0x3A6D,0x3A6D,0x3A6D,0x3A6D,0x7D17,0xF81F,0xF81F,0xF81F,0xF81F,0xCFFF,0x8538,0x74B6,0x74B6,0x74B6,0x74B6,
  0x8D79,0xCFFF,0xF81F,0xF81F,0xF81F,0xF81F,0x97E7,0x74DC,0x857C,0x9696,0x9696,0x857C,0x74DD,0xDFEB,0xF81F,0xF81F,
  0xF81F,0xF81F,0x9659,0x3A7C,0x3A5B,0x3A7C,0x3A7C,0x3A5B,0x429C,0xFFFF,0xF81F,0xF81F,0xF81F,0xF81F,0xE7FF,0x3A34,
  0x3215,0x4ADC,0x4ADE,0x3215,0x3A55,0xFFFF,0xF81F,0xF81F,0xF81F,0xF81F,0xF81F,0x3186,0x3186,0xF81F,0x5AEB,0x3186,
  0x3186,0xF81F,0xF81F,0xF81F,0xF81F,0xF81F,0xF81F,0xF81F,0xF81F,0xF81F,0xF81F,0xF81F,0xF81F,0xF81F,0xF81F,0xF81F,
  0xF81F,0xF81F,0xF81F,0xF81F,0xF81F,0xF81F,0xF81F,0xF81F,0xF81F,0xF81F,0xF81F,0xF81F,0xF81F,0xF81F,0xF81F,0x8746,
  0x6585,0x6585,0x6585,0x6585,0x97EB,0xF81F,0xF81F,0xF81F,0xF81F,0xF81F,0xC7E9,0x6585,0x6585,0x6585,0x6585,0x6585,
  0x6585,0xC7E9,0xF81F,0xF81F,0xF81F,0xF81F,0xBFE9,0x5D64,0x5D64,0x4BE9,0x5467,0x5D64,0x5D64,0xBFE9,0xF81F,0xF81F,
  0xF81F,0xF81F,0xA7ED,0x5486,0x5486,0x4BC8,0x4C08,0x5486,0x5486,0xA7EE,0xF81F,0xF81F,0xF81F,0xF81F,0x7D17,0x3A6D,
  0x3A6D,0x3A6D,0x3A6D,0x3A6D,0x3A6D,0x7D17,0xF81F,0xF81F,0xF81F,0xF81F,0xCFFF,0x8538,0x74B6,0x74B6,0x74B6,0x74B6,
  0x8D79,0xCFFF,0xF81F,0xF81F,0xF81F,0xF81F,0x97E7,0x74DC,0x857C,0x9696,0x9696,0x857C,0x85B6,0xE7EB,0xF81F,0xF81F,
  0xF81F,0xF81F,0x9E5B,0x3A7C,0x3A5B,0x3A7C,0x3A7C,0x3A5B,0xB71F,0xFFFF,0xF81F,0xF81F,0xF81F,0xF81F,0xE7FF,0x39EF,
  0x31CD,0x4ADC,0x4ADE,0x3215,0x8519,0xFFFF,0xF81F,0xF81F,0xF81F,0xF81F,0xF81F,0x3186,0x3186,0xF81F,0x5AEB,0x3186,
  0x3186,0xF81F,0xF81F,0xF81F,0xF81F,0xF81F,0xF81F,0xF81F,0xF81F,0xF81F,0xF81F,0xF81F,0xF81F,0xF81F,0xF81F,0xF81F,
  0xF81F,0xF81F,0xF81F,0xF81F,0xF81F,0xF81F,0xF81F,0xF81F,0xF81F,0xF81F,0xF81F,0xF81F,0xF81F,0xF81F,0xF81F,0x8746,
  0x6585,0x6585,0x6585,0x6585,0x97EB,0xF81F,0xF81F,0xF81F,0xF81F,0xF81F,0xC7E9,0x6585,0x6585,0x6585,0x6585,0x6585,
  0x6585,0xC7E9,0xF81F,0xF81F,0xF81F,0xF81F,0xBFE9,0x5D64,0x5D64,0x4BE9,0x5467,0x5D64,0x5D64,0xBFE9,0xF81F,0xF81F,
  0xF81F,0xF81F,0xA7ED,0x5486,0x5486,0x4BC8,0x4C08,0x5486,0x5486,0xA7EE,0xF81F,0xF81F,0xF81F,0xF81F,0x7D17,0x3A6D,
  0x3A6D,0x3A6D,0x3A6D,0x3A6D,0x3A6D,0x7D17,0xF81F,0xF81F,0xF81F,0xF81F,0xCFFF,0x8538,0x74B6,0x74B6,0x74B6,0x74B6,
  0x8D79,0xCFFF,0xF81F,0xF81F,0xF81F,0xF81F,0x97E7,0x74DC,0x857C,0x9696,0x9696,0x857C,0x74DD,0xDFEB,0xF81F,0xF81F,
  0xF81F,0xF81F,0x9659,0x3A7C,0x3A5B,0x3A7C,0x3A7C,0x3A5B,0x429C,0xFFFF,0xF81F,0xF81F,0xF81F,0xF81F,0xE7FF,0x3A34,
  0x3215,0x4ADC,0x4ADE,0x3215,0x3A55,0xFFFF,0xF81F,0xF81F,0xF81F,0xF81F,0xF81F,0x3186,0x3186,0xF81F,0x5AEB,0x3186,
  0x3186,0xF81F,0xF81F,0xF81F,0xF81F,0xF81F,0xF81F,0xF81F,0xF81F,0xF81F,0xF81F,0xF81F,0xF81F,0xF81F,0xF81F,0xF81F,
  0xF81F,0xF81F,0xF81F,0xF81F,0xF81F,0xF81F,0xF81F,0xF81F,0xF81F,0xF81F,0xF81F,0xF81F,0xF81F,0xF81F,0xF81F,0x8746,
  0x6585,0x6585,0x6585,0x6585,0x97EB,0xF81F,0xF81F,0xF81F,0xF81F,0xF81F,0xC7E9,0x6585,0x6585,0x6585,0x6585,0x6585,
  0x6585,0xC7E9,0xF81F,0xF81F,0xF81F,0xF81F,0xBFE9,0x5D64,0x5D64,0x4BE9,0x5467,0x5D64,0x5D64,0xBFE9,0xF81F,0xF81F,
  0xF81F,0xF81F,0xA7ED,0x5486,0x5486,0x4BC8,0x4C08,0x5486,0x5486,0xA7EE,0xF81F,0xF81F,0xF81F,0xF81F,0x7D17,0x3A6D,
  0x3A6D,0x3A6D,0x3A6D,0x3A6D,0x3A6D,0x7D17,0xF81F,0xF81F,0xF81F,0xF81F,0xCFFF,0x8538,0x74B6,0x74B6,0x74B6,0x74B6,
  0x8D79,0xCFFF,0xF81F,0xF81F,0xF81F,0xF81F,0x97E7,0x7D97,0x857C,0x9696,0x9696,0x857C,0x74DD,0xDFEB,0xF81F,0xF81F,
  0xF81F,0xF81F,0xA6FB,0xAEFF,0x3A5B,0x3A7C,0x3A7C,0x3A5B,0x429C,0xFFFF,0xF81F,0xF81F,0xF81F,0xF81F,0xEFFF,0x7498,
  0x3215,0x4ADC,0x4ADC,0x31CD,0x3A31,0xFFFF,0xF81F,0xF81F,0xF81F,0xF81F,0xF81F,0x3186,0x3186,0xF81F,0x5AEB,0x3186,
  0x3186,0xF81F,0xF81F,0xF81F,0xF81F,0xF81F,0xF81F,0xF81F,0xF81F,0xF81F,0xF81F,0xF81F,0xF81F,0xF81F,0xF81F,0xF81F,
  0xF81F,0xF81F,0xF81F,0xF81F,0xF81F,0xF81F,0xF81F,0xF81F,0xF81F,0xF81F,0xF81F,0xF81F,0xF81F,0xF81F,0xF81F,0x8746,
  0x6585,0x6585,0x6585,0x6585,0x97EB,0xF81F,0xF81F,0xF81F,0xF81F,0xF81F,0xC7E9,0x6585,0x6585,0xCF36,0xB6D3,0x6585,
  0x6585,0xC7E9,0xF81F,0xF81F,0xF81F,0xF81F,0xD7EA,0x6DE5,0x8669,0xBF32,0xBF32,0x8649,0x6DE5,0xD7EA,0xF81F,0xF81F,
  0xF81F,0xF81F,0xC7EF,0x7609,0x868B,0x868B,0x868B,0x868B,0x760A,0xC7EF,0xF81F,0xF81F,0xF81F,0xF81F,0x95FB,0x9E1C,
  0x5BD2,0xAEFF,0xAEFF,0x5BD2,0xB71F,0x9E1B,0xF81F,0xF81F,0xF81F,0xF81F,0xD7FF,0xB6FF,0x9E1C,0x6434,0x6C75,0x9E1C,
  0xB71F,0xD7FF,0xF81F,0xF81F,0xF81F,0xF81F,0x97E7,0x7D97,0x857C,0x7D92,0x7DD2,0x857C,0x85B6,0xE7EB,0xF81F,0xF81F,
  0xF81F,0xF81F,0xA6F9,0xAEFF,0x3A7C,0x3A5B,0x3A5C,0x3A7C,0xB71F,0xFFFF,0xF81F,0xF81F,0xF81F,0xF81F,0xEFFF,0x7499,
  0x3A37,0x4299,0x429B,0x3A37,0x8519,0xFFFF,0xF81F,0xF81F,0xF81F,0xF81F,0xF81F,0x3186,0x3186,0xF81F,0x5AEB,0x3186,
  0x3186,0xF81F,0xF81F,0xF81F,0xF81F,0xF81F,0xF81F,0xF81F,0xF81F,0xF81F,0xF81F,0xF81F,0xF81F,0xF81F,0xF81F,0xF81F,
  0xF81F,0xF81F,0xF81F,0xF81F,0xF81F,0xF81F,0xF81F,0xF81F,0xF81F,0xF81F,0xF81F,0xF81F,0xF81F,0xF81F,0xF81F,0x8746,
  0x6585,0x6585,0x6585,0x6585,0x97EB,0xF81F,0xF81F,0xF81F,0xF81F,0xF81F,0xC7E9,0x6585,0x6585,0xCF36,0xB6D3,0x6585,
  0x6585,0xC7E9,0xF81F,0xF81F,0xF81F,0xF81F,0xD7EA,0x6DE5,0x8669,0xBF32,0xBF32,0x8649,0x6DE5,0xD7EA,0xF81F,0xF81F,
  0xF81F,0xF81F,0xC7EF,0x7609,0x868B,0x868B,0x868B,0x868B,0x760A,0xC7EF,0xF81F,0xF81F,0xF81F,0xF81F,0x95FB,0x9E1C,
  0x5BD2,0xAEFF,0xAEFF,0x5BD2,0xB71F,0x9E1B,0xF81F,0xF81F,0xF81F,0xF81F,0xD7FF,0xB6FF,0x9E1C,0x6434,0x6C75,0x9E1C,
  0xB71F,0xD7FF,0xF81F,0xF81F,0xF81F,0xF81F,0x97E7,0x74DC,0x857C,0x7D92,0x7DD2,0x857C,0x85B6,0xE7EB,0xF81F,0xF81F,
  0xF81F,0xF81F,0x9E5B,0x3A7C,0x3A7C,0x3A5B,0x3A5C,0x3A7C,0xB71F,0xFFFF,0xF81F,0xF81F,0xF81F,0xF81F,0xE7FF,0x3A0F,
  0x31EE,0x4299,0x429B,0x3A37,0x8519,0xFFFF,0xF81F,0xF81F,0xF81F,0xF81F,0xF81F,0x3186,0x3186,0xF81F,0x5AEB,0x3186,
  0x3186,0xF81F,0xF81F,0xF81F,0xF81F,0xF81F,0xF81F,0xF81F,0xF81F,0xF81F,0xF81F,0xF81F,0xF81F,0xF81F,0xF81F,0xF81F,
  0xF81F,0xF81F,0xF81F,0xF81F,0xF81F,0xF81F,0xF81F,0xF81F,0xF81F,0xF81F,0xF81F,0xF81F,0xF81F,0xF81F,0xF81F,0x8746,
  0x6585,0x6585,0x6585,0x6585,0x97EB,0xF81F,0xF81F,0xF81F,0xF81F,0xF81F,0xC7E9,0x6585,0x6585,0xCF36,0xB6D3,0x6585,
  0x6585,0xC7E9,0xF81F,0xF81F,0xF81F,0xF81F,0xD7EA,0x6DE5,0x8669,0xBF32,0xBF32,0x8649,0x6DE5,0xD7EA,0xF81F,0xF81F,
  0xF81F,0xF81F,0xC7EF,0x7609,0x868B,0x868B,0x868B,0x868B,0x760A,0xC7EF,0xF81F,0xF81F,0xF81F,0xF81F,0x95FB,0x9E1C,
  0x5BD2,0xAEFF,0xAEFF,0x5BD2,0xB71F,0x9E1B,0xF81F,0xF81F,0xF81F,0xF81F,0xD7FF,0xB6FF,0x9E1C,0x6434,0x6C75,0x9E1C,
  0xB71F,0xD7FF,0xF81F,0xF81F,0xF81F,0xF81F,0x97E7,0x7D97,0x857C,0x7D92,0x7DD2,0x857C,0x85B6,0xE7EB,0xF81F,0xF81F,
  0xF81F,0xF81F,0xA6F9,0xAEFF,0x3A7C,0x3A5B,0x3A5C,0x3A7C,0xB71F,0xFFFF,0xF81F,0xF81F,0xF81F,0xF81F,0xEFFF,0x7499,
  0x3A37,0x4299,0x429B,0x3A37,0x8519,0xFFFF,0xF81F,0xF81F,0xF81F,0xF81F,0xF81F,0x3186,0x3186,0xF81F,0x5AEB,0x3186,
  0x3186,0xF81F,0xF81F,0xF81F,0xF81F,0xF81F,0xF81F,0xF81F,0xF81F,0xF81F,0xF81F,0xF81F,0xF81F,0xF81F,0xF81F,0xF81F,
  0xF81F,0xF81F,0xF81F,0xF81F,0xF81F,0xF81F,0xF81F,0xF81F,0xF81F,0xF81F,0xF81F,0xF81F,0xF81F,0xF81F,0xF81F,0x8746,
  0x6585,0x6585,0x6585,0x6585,0x97EB,0xF81F,0xF81F,0xF81F,0xF81F,0xF81F,0xC7E9,0x6585,0x6585,0xCF36,0xB6D3,0x6585,
  0x6585,0xC7E9,0xF81F,0xF81F,0xF81F,0xF81F,0xD7EA,0x6DE5,0x8669,0xBF32,0xBF32,0x8649,0x6DE5,0xD7EA,0xF81F,0xF81F,
  0xF81F,0xF81F,0xC7EF,0x7609,0x868B,0x868B,0x868B,0x868B,0x760A,0xC7EF,0xF81F,0xF81F,0xF81F,0xF81F,0x95FB,0x9E1C,
  0x5BD2,0xAEFF,0xAEFF,0x5BD2,0xB71F,0x9E1B,0xF81F,0xF81F,0xF81F,0xF81F,0xD7FF,0xB6FF,0x9E1C,0x6434,0x6C75,0x9E1C,
  0xB71F,0xD7FF,0xF81F,0xF81F,0xF81F,0xF81F,0x97E7,0x7D97,0x857C,0x7D92,0x7DD2,0x857C,0x74DD,0xDFEB,0xF81F,0xF81F,
  0xF81F,0xF81F,0xA6FB,0xAEFF,0x3A7C,0x3A5B,0x3A5C,0x3A7C,0x3A7C,0xFFFF,0xF81F,0xF81F,0xF81F,0xF81F,0xEFFF,0x7499,
  0x3A37,0x4299,0x4299,0x31EE,0x3A11,0xFFFF,0xF81F,0xF81F,0xF81F,0xF81F,0xF81F,0x3186,0x3186,0xF81F,0x5AEB,0x3186,
  0x3186,0xF81F,0xF81F,0xF81F,0xF81F,0xF81F,0xF81F,0xF81F,0xF81F,0xF81F,0xF81F,0xF81F,0xF81F,0xF81F,0xF81F,0xF81F,
};
